"","treename","pred_pcr","pred_comp","PCR","competence","type","studied","ord","cat"
"1","Abditomys",0.00282088650912892,0.0032171747298897,0,0,"other",0,"RODENTIA","unsampled"
"2","Abeomelomys",0.00271428773847821,0.00289228405591396,0,0,"other",0,"RODENTIA","unsampled"
"3","Abrawayaomys",0.00262342116643614,0.00287449041211499,0,0,"other",0,"RODENTIA","unsampled"
"4","Abrocoma",0.00291227144929969,0.00313029307239228,0,0,"other",0,"RODENTIA","unsampled"
"5","Abrothrix",0.00296381214995676,0.00324862994277574,0,0,"other",0,"RODENTIA","unsampled"
"6","Acinonyx",0.876430190671831,0.726344674068884,1,1,"other",1,"CARNIVORA","positive"
"7","Acomys",0.0029088077277053,0.00311893268107379,0,0,"other",0,"RODENTIA","unsampled"
"8","Aconaemys",0.00292954787978413,0.00307485697674458,0,0,"other",0,"RODENTIA","unsampled"
"9","Addax",0.00284216894332599,0.00317536060334487,0,0,"other",0,"CETARTIODACTYLA","unsampled"
"10","Aegialomys",0.00299996996060397,0.00329721240724879,0,0,"other",0,"RODENTIA","unsampled"
"11","Aepeomys",0.00273661544099455,0.00280670054983794,0,0,"other",0,"RODENTIA","unsampled"
"12","Aepyceros",0.00293856676229563,0.00316669913476101,0,0,"other",0,"CETARTIODACTYLA","unsampled"
"13","Aeretes",0.00276145627851133,0.00291177947693344,0,0,"other",0,"RODENTIA","unsampled"
"14","Aeromys",0.00294624893662067,0.00335386055694589,0,0,"other",0,"RODENTIA","unsampled"
"15","Aethomys",0.00281410404469581,0.00325477569031443,0,0,"other",0,"RODENTIA","unsampled"
"16","Ailuropoda",0.00286111757369964,0.00322529834055564,0,0,"other",0,"CARNIVORA","unsampled"
"17","Ailurus",0.817993752545369,0.666963053022158,1,1,"other",1,"CARNIVORA","positive"
"18","Akodon",0.00293601199893329,0.00309475438900837,0,0,"other",0,"RODENTIA","unsampled"
"19","Alcelaphus",0.00277359911464879,0.00294843549690333,0,0,"other",0,"CETARTIODACTYLA","unsampled"
"20","Alces",0.00288966308164047,0.00309545553205491,0,0,"other",0,"CETARTIODACTYLA","unsampled"
"21","Allactaga",0.00287457810919518,0.00321165816564752,0,0,"other",0,"RODENTIA","unsampled"
"22","Allactodipus",0.00251129871725897,0.00281586997466666,0,0,"other",0,"RODENTIA","unsampled"
"23","Allenopithecus",0.652093021978515,0.272893362496159,0,0,"true negative",1,"PRIMATES","negative"
"24","Allocebus",0.00286872888653861,0.00305085332539791,0,0,"other",0,"PRIMATES","unsampled"
"25","Allocricetulus",0.0025296002281891,0.00278924480857503,0,0,"other",0,"RODENTIA","unsampled"
"26","Alouatta",0.863639442080136,0.658059057657504,1,1,"other",1,"PRIMATES","positive"
"27","Alticola",0.00302399870311846,0.00298492374216303,0,0,"other",0,"RODENTIA","unsampled"
"28","Ammodillus",0.00258584047772084,0.00262833654783553,0,0,"other",0,"RODENTIA","unsampled"
"29","Ammodorcas",0.00287353596042762,0.00274492974174735,0,0,"other",0,"CETARTIODACTYLA","unsampled"
"30","Ammospermophilus",0.00260884712435739,0.00286786200744604,0,0,"other",0,"RODENTIA","unsampled"
"31","Ammotragus",0.00287094224334312,0.00263564523638176,0,0,"other",0,"CETARTIODACTYLA","unsampled"
"32","Amphinectomys",0.00266712298499806,0.00268751983463052,0,0,"other",0,"RODENTIA","unsampled"
"33","Andalgalomys",0.00274145143226683,0.00269235870424625,0,0,"other",0,"RODENTIA","unsampled"
"34","Andinomys",0.00310119435681056,0.00321182335273811,0,0,"other",0,"RODENTIA","unsampled"
"35","Anisomys",0.00280306762979588,0.00342058927133702,0,0,"other",0,"RODENTIA","unsampled"
"36","Anomalurus",0.00275876192276493,0.0028264481229647,0,0,"other",0,"RODENTIA","unsampled"
"37","Anonymomys",0.00263376445095084,0.00268927951332734,0,0,"other",0,"RODENTIA","unsampled"
"38","Anotomys",0.00268906867555881,0.00246897494175485,0,0,"other",0,"RODENTIA","unsampled"
"39","Anourosorex",0.00287697716218523,0.00285205666278835,0,0,"other",0,"EULIPOTYPHLA","unsampled"
"40","Antidorcas",0.00289585940413914,0.00273130881446083,0,0,"other",0,"CETARTIODACTYLA","unsampled"
"41","Antilocapra",0.00287228073428656,0.0026799523083351,0,0,"other",0,"CETARTIODACTYLA","unsampled"
"42","Antilope",0.00280064631720437,0.00279173214113729,0,0,"other",0,"CETARTIODACTYLA","unsampled"
"43","Aonyx",0.00293130701895453,0.00275880256090831,0,0,"other",0,"CARNIVORA","unsampled"
"44","Aotus",0.00286481212209946,0.00287312693285141,0,0,"other",0,"PRIMATES","unsampled"
"45","Aplodontia",0.00278175432090077,0.00281311642185284,0,0,"other",0,"RODENTIA","unsampled"
"46","Apodemus",0.802030521589405,0.74571190398242,1,1,"other",1,"RODENTIA","positive"
"47","Apomys",0.00284277154084357,0.00297273308670476,0,0,"other",0,"RODENTIA","unsampled"
"48","Arabitragus",0.00292710520754138,0.00277934427998734,0,0,"other",0,"CETARTIODACTYLA","unsampled"
"49","Arborimus",0.00285433005796196,0.00291667505336681,0,0,"other",0,"RODENTIA","unsampled"
"50","Archaeolemur",0.00262869193352426,0.00254417538303216,0,0,"other",0,"PRIMATES","unsampled"
"51","Archboldomys",0.00287747123979375,0.00291048496989025,0,0,"other",0,"RODENTIA","unsampled"
"52","Arctictis",0.00287508990879831,0.0026794649421566,0,0,"other",0,"CARNIVORA","unsampled"
"53","Arctocebus",0.00275875730005281,0.00280831212688764,0,0,"other",0,"PRIMATES","unsampled"
"54","Arctocephalus",0.00348495118344767,0.00208848576693664,0,0,"other",0,"CARNIVORA","unsampled"
"55","Arctodus",0.00258474665709581,0.0026242767864286,0,0,"other",0,"CARNIVORA","unsampled"
"56","Arctogalidia",0.00288882158879639,0.00294598936078117,0,0,"other",0,"CARNIVORA","unsampled"
"57","Arctonyx",0.0028959598197472,0.00270347574422745,0,0,"other",0,"CARNIVORA","unsampled"
"58","Arvicanthis",0.00287225279286543,0.00281868976882242,0,0,"other",0,"RODENTIA","unsampled"
"59","Arvicola",0.572641214988393,0.580170097550681,0,0,"true negative",1,"RODENTIA","negative"
"60","Atelerix",0.00278407692214553,0.00281983443888586,0,0,"other",0,"EULIPOTYPHLA","unsampled"
"61","Ateles",0.00255637250184742,0.00277849351709661,0,0,"other",0,"PRIMATES","unsampled"
"62","Atelocynus",0.00290895678361896,0.00281809235193207,0,0,"other",0,"CARNIVORA","unsampled"
"63","Atherurus",0.734798247085715,0.506426066939949,0,0,"true negative",1,"RODENTIA","negative"
"64","Atilax",0.00290361535761542,0.00273979252036317,0,0,"other",0,"CARNIVORA","unsampled"
"65","Atlantoxerus",0.00276289740553572,0.00284459285201039,0,0,"other",0,"RODENTIA","unsampled"
"66","Auliscomys",0.00313168321445048,0.0032798193712392,0,0,"other",0,"RODENTIA","unsampled"
"67","Avahi",0.00284938102349844,0.00278765580786391,0,0,"other",0,"PRIMATES","unsampled"
"68","Axis",0.00286832707979175,0.00274875428543123,0,0,"other",0,"CETARTIODACTYLA","unsampled"
"69","Babyrousa",0.00273300777636721,0.00276403151049955,0,0,"other",0,"CETARTIODACTYLA","unsampled"
"70","Baiomys",0.00307673440569479,0.00291863547758504,0,0,"other",0,"RODENTIA","unsampled"
"71","Baiyankamys",0.00288345835028995,0.00276589398478203,0,0,"other",0,"RODENTIA","unsampled"
"72","Balaena",0.959454199266751,0.114737304240382,1,0,"other",1,"CETARTIODACTYLA","positive"
"73","Balaenoptera",0.00371952120041924,0.00208533248957078,0,0,"other",0,"CETARTIODACTYLA","unsampled"
"74","Bandicota",0.00265069102630643,0.00292323042234892,0,0,"other",0,"RODENTIA","unsampled"
"75","Bassaricyon",0.00274597329401901,0.00278949562699442,0,0,"other",0,"CARNIVORA","unsampled"
"76","Bassariscus",0.00276904120731312,0.00280925914668549,0,0,"other",0,"CARNIVORA","unsampled"
"77","Bathyergus",0.00283835052357553,0.00278876471493964,0,0,"other",0,"RODENTIA","unsampled"
"78","Batomys",0.00285029339108668,0.00299421552893267,0,0,"other",0,"RODENTIA","unsampled"
"79","Bdeogale",0.00291663192461395,0.00277602696922541,0,0,"other",0,"CARNIVORA","unsampled"
"80","Beamys",0.00294394279076814,0.00292694852544097,0,0,"other",0,"RODENTIA","unsampled"
"81","Beatragus",0.00274531841300757,0.00264564580273896,0,0,"other",0,"CETARTIODACTYLA","unsampled"
"82","Belomys",0.00270724598397023,0.00269081053153945,0,0,"other",0,"RODENTIA","unsampled"
"83","Berardius",0.00380079828249596,0.00207327099415422,0,0,"other",0,"CETARTIODACTYLA","unsampled"
"84","Berylmys",0.00286296504563599,0.00299575762568291,0,0,"other",0,"RODENTIA","unsampled"
"85","Bibimys",0.00274160092344868,0.00290913731973087,0,0,"other",0,"RODENTIA","unsampled"
"86","Bison",0.00287455745819743,0.0029051241709081,0,0,"other",0,"CETARTIODACTYLA","unsampled"
"87","Biswamoyopterus",0.00294560106793048,0.003683913029228,0,0,"other",0,"RODENTIA","unsampled"
"88","Blanfordimys",0.00267576156129511,0.00261937923917675,0,0,"other",0,"RODENTIA","unsampled"
"89","Blarina",0.00266266693337158,0.00284040366697647,0,0,"other",0,"EULIPOTYPHLA","unsampled"
"90","Blarinella",0.00265214555212454,0.00262403053415083,0,0,"other",0,"EULIPOTYPHLA","unsampled"
"91","Blarinomys",0.00262668011736133,0.00258933059280234,0,0,"other",0,"RODENTIA","unsampled"
"92","Blastocerus",0.00283650925604334,0.00275686310510418,0,0,"other",0,"CETARTIODACTYLA","unsampled"
"93","Boromys",0.00263681131059902,0.00260930271323336,0,0,"other",0,"RODENTIA","unsampled"
"94","Bos",0.887062308376184,0.778701621505484,1,1,"other",1,"CETARTIODACTYLA","positive"
"95","Boselaphus",0.0027408738181331,0.00264464598818394,0,0,"other",0,"CETARTIODACTYLA","unsampled"
"96","Brachiones",0.00259236405785419,0.00270568340995244,0,0,"other",0,"RODENTIA","unsampled"
"97","Brachylagus",0.00265999475233038,0.00289709187546913,0,0,"other",0,"LAGOMORPHA","unsampled"
"98","Brachytarsomys",0.00276707563551707,0.00287805508690351,0,0,"other",0,"RODENTIA","unsampled"
"99","Brachyteles",0.00260210408946677,0.00293651938193163,0,0,"other",0,"PRIMATES","unsampled"
"100","Brachyuromys",0.00286692192345975,0.0028468798766838,0,0,"other",0,"RODENTIA","unsampled"
"101","Bradypus",0.00286727563920705,0.00279064465600111,0,0,"other",0,"PILOSA","unsampled"
"102","Brotomys",0.00264166384708839,0.00260315655714085,0,0,"other",0,"RODENTIA","unsampled"
"103","Brucepattersonius",0.00286707438122742,0.00290386308629274,0,0,"other",0,"RODENTIA","unsampled"
"104","Bubalus",0.833202943155827,0.670920530885051,1,1,"other",1,"CETARTIODACTYLA","positive"
"105","Budorcas",0.00287209145156185,0.00259967228454557,0,0,"other",0,"CETARTIODACTYLA","unsampled"
"106","Bullimus",0.00267351235499826,0.00267799221972885,0,0,"other",0,"RODENTIA","unsampled"
"107","Bunolagus",0.00275057890064161,0.00277553824513644,0,0,"other",0,"LAGOMORPHA","unsampled"
"108","Bunomys",0.00289749449152078,0.00293138919656482,0,0,"other",0,"RODENTIA","unsampled"
"109","Cacajao",0.00257240334102248,0.00269462296429194,0,0,"other",0,"PRIMATES","unsampled"
"110","Calassomys",0.00297824757616841,0.00211901745710006,0,0,"other",0,"RODENTIA","unsampled"
"111","Callibella",0.00264198405507581,0.00272906790069164,0,0,"other",0,"PRIMATES","unsampled"
"112","Callicebus",0.0027857759188579,0.00284330183677104,0,0,"other",0,"PRIMATES","unsampled"
"113","Callimico",0.0027934266736653,0.00285953433411922,0,0,"other",0,"PRIMATES","unsampled"
"114","Callistomys",0.00267403549868941,0.0028034905588272,0,0,"other",0,"RODENTIA","unsampled"
"115","Callithrix",0.819181808283748,0.606052685664997,1,1,"other",1,"PRIMATES","positive"
"116","Callorhinus",0.00344341144857804,0.00207668080911621,0,0,"other",0,"CARNIVORA","unsampled"
"117","Callosciurus",0.0028674824327613,0.00298422093121594,0,0,"other",0,"RODENTIA","unsampled"
"118","Callospermophilus",0.00275502161762847,0.00284451552802106,0,0,"other",0,"RODENTIA","unsampled"
"119","Calomys",0.00304914868468163,0.00284880959684789,0,0,"other",0,"RODENTIA","unsampled"
"120","Calomyscus",0.0028589941528377,0.00294998602883062,0,0,"other",0,"RODENTIA","unsampled"
"121","Caluromys",0.00284285916906207,0.00291159387879874,0,0,"other",0,"DIDELPHIMORPHIA","unsampled"
"122","Caluromysiops",0.00283193849124725,0.00370730965178814,0,0,"other",0,"DIDELPHIMORPHIA","unsampled"
"123","Camelus",0.896292875842283,0.83144628670144,1,1,"other",1,"CETARTIODACTYLA","positive"
"124","Canis",0.86376334380366,0.429323401929551,1,0,"other",1,"CARNIVORA","positive"
"125","Cannomys",0.00285149393281607,0.00285570386466616,0,0,"other",0,"RODENTIA","unsampled"
"126","Cansumys",0.00263805222441008,0.00265980012568263,0,0,"other",0,"RODENTIA","unsampled"
"127","Caperea",0.00231314662248486,0.00356143009954981,0,0,"other",0,"CETARTIODACTYLA","unsampled"
"128","Capra",0.862385479864763,0.348557376802442,1,0,"other",1,"CETARTIODACTYLA","positive"
"129","Capreolus",0.00291519318103079,0.00270092986374162,0,0,"other",0,"CETARTIODACTYLA","unsampled"
"130","Capricornis",0.00288483121224459,0.00269889897635843,0,0,"other",0,"CETARTIODACTYLA","unsampled"
"131","Caprolagus",0.0028404841815925,0.0028552511617037,0,0,"other",0,"LAGOMORPHA","unsampled"
"132","Capromys",0.00264192765504134,0.00262429636040241,0,0,"other",0,"RODENTIA","unsampled"
"133","Caracal",0.00274858603794474,0.00356921081848684,0,0,"other",0,"CARNIVORA","unsampled"
"134","Cardiocranius",0.00289062273528535,0.00296816787964289,0,0,"other",0,"RODENTIA","unsampled"
"135","Carpomys",0.00268472014136177,0.00264422651475551,0,0,"other",0,"RODENTIA","unsampled"
"136","Carterodon",0.0028232237021044,0.00286095899290432,0,0,"other",0,"RODENTIA","unsampled"
"137","Caryomys",0.00287110796292668,0.00287710497731388,0,0,"other",0,"RODENTIA","unsampled"
"138","Castor",0.867990645011135,0.710569593937819,1,1,"other",1,"RODENTIA","positive"
"139","Catagonus",0.00275769996448376,0.00279356112975186,0,0,"other",0,"CETARTIODACTYLA","unsampled"
"140","Catopuma",0.00282613334811433,0.00369847120257094,0,0,"other",0,"CARNIVORA","unsampled"
"141","Cavia",0.00293072247331691,0.00274421208150687,0,0,"other",0,"RODENTIA","unsampled"
"142","Cebuella",0.00279230411140176,0.00376036410524225,0,0,"other",0,"PRIMATES","unsampled"
"143","Cebus",0.00282193812662465,0.00291535839685171,0,0,"other",0,"PRIMATES","unsampled"
"144","Cephalophus",0.0028802501119427,0.00273986405815074,0,0,"other",0,"CETARTIODACTYLA","unsampled"
"145","Cephalorhynchus",0.00346685027677445,0.0020835902354322,0,0,"other",0,"CETARTIODACTYLA","unsampled"
"146","Ceratotherium",0.700526648267221,0.892561910106741,0,1,"other",1,"PERISSODACTYLA","positive"
"147","Cercocebus",0.70202298690623,0.216540901646854,0,0,"true negative",1,"PRIMATES","negative"
"148","Cercopithecus",0.876232432700868,0.242161025207598,1,0,"other",1,"PRIMATES","positive"
"149","Cerdocyon",0.00287452438233034,0.00257748869555339,0,0,"other",0,"CARNIVORA","unsampled"
"150","Cerradomys",0.00279571168596033,0.00294024780605523,0,0,"other",0,"RODENTIA","unsampled"
"151","Cervus",0.00316678448369143,0.00311321431492571,0,0,"other",0,"CETARTIODACTYLA","unsampled"
"152","Chacodelphys",0.00242899936739141,0.00266969451712882,0,0,"other",0,"DIDELPHIMORPHIA","unsampled"
"153","Chaetocauda",0.00275339912911194,0.00291114990012609,0,0,"other",0,"RODENTIA","unsampled"
"154","Chaetodipus",0.00285838552406795,0.00294511807787634,0,0,"other",0,"RODENTIA","unsampled"
"155","Chaetomys",0.00277536699501419,0.00284581083305651,0,0,"other",0,"RODENTIA","unsampled"
"156","Cheirogaleus",0.00285400020585844,0.00281382061424375,0,0,"other",0,"PRIMATES","unsampled"
"157","Chelemys",0.00276450597015737,0.00278737388509744,0,0,"other",0,"RODENTIA","unsampled"
"158","Chibchanomys",0.00268398844313529,0.00246683581298451,0,0,"other",0,"RODENTIA","unsampled"
"159","Chilomys",0.0027809753875335,0.00258367513582672,0,0,"other",0,"RODENTIA","unsampled"
"160","Chimarrogale",0.002879116874455,0.00295766834966939,0,0,"other",0,"EULIPOTYPHLA","unsampled"
"161","Chinchilla",0.715266821130931,0.525845363126195,0,0,"true negative",1,"RODENTIA","negative"
"162","Chinchillula",0.00311236141603135,0.00320903273449099,0,0,"other",0,"RODENTIA","unsampled"
"163","Chionomys",0.00281827152629587,0.00284172111334898,0,0,"other",0,"RODENTIA","unsampled"
"164","Chiromyscus",0.00261521906566269,0.00271397842155181,0,0,"other",0,"RODENTIA","unsampled"
"165","Chironectes",0.00287923231935061,0.00293247549531523,0,0,"other",0,"DIDELPHIMORPHIA","unsampled"
"166","Chiropodomys",0.00284119089926213,0.00296824781312923,0,0,"other",0,"RODENTIA","unsampled"
"167","Chiropotes",0.00271795784213405,0.00280970889335383,0,0,"other",0,"PRIMATES","unsampled"
"168","Chiruromys",0.00283441211556241,0.0028915984046456,0,0,"other",0,"RODENTIA","unsampled"
"169","Chlorocebus",0.827090972697711,0.264623253643046,1,0,"other",1,"PRIMATES","positive"
"170","Chodsigoa",0.00287800746662652,0.00278072910850353,0,0,"other",0,"EULIPOTYPHLA","unsampled"
"171","Choeropsis",0.00274039375631262,0.00270410204190662,0,0,"other",0,"CETARTIODACTYLA","unsampled"
"172","Choloepus",0.00291661501808522,0.00283247643957736,0,0,"other",0,"PILOSA","unsampled"
"173","Chrotogale",0.00290754371259607,0.00279724006710645,0,0,"other",0,"CARNIVORA","unsampled"
"174","Chrotomys",0.00285581952035471,0.00291539206267818,0,0,"other",0,"RODENTIA","unsampled"
"175","Chrysocyon",0.00290889829819335,0.0027144662408247,0,0,"other",0,"CARNIVORA","unsampled"
"176","Civettictis",0.00312589932078549,0.00302825215436205,0,0,"other",0,"CARNIVORA","unsampled"
"177","Clyomys",0.00258436370069311,0.00259163066052472,0,0,"other",0,"RODENTIA","unsampled"
"178","Coccymys",0.00284168824166826,0.00280932373914538,0,0,"other",0,"RODENTIA","unsampled"
"179","Coelodonta",0.0021266430759285,0.00332293463772183,0,0,"other",0,"PERISSODACTYLA","unsampled"
"180","Coendou",0.00287125854186584,0.00281824579447572,0,0,"other",0,"RODENTIA","unsampled"
"181","Colobus",0.00272867220144602,0.0027185566698372,0,0,"other",0,"PRIMATES","unsampled"
"182","Colomys",0.00286298270504472,0.00270418824191555,0,0,"other",0,"RODENTIA","unsampled"
"183","Condylura",0.00273574675641108,0.00276869936874993,0,0,"other",0,"EULIPOTYPHLA","unsampled"
"184","Conepatus",0.00287639382434304,0.00276967462430925,0,0,"other",0,"CARNIVORA","unsampled"
"185","Congosorex",0.00280639356220824,0.00283163152820937,0,0,"other",0,"EULIPOTYPHLA","unsampled"
"186","Conilurus",0.00267925693371425,0.00266341092670056,0,0,"other",0,"RODENTIA","unsampled"
"187","Connochaetes",0.00285261936334391,0.00267536106461494,0,0,"other",0,"CETARTIODACTYLA","unsampled"
"188","Coryphomys",0.00263545520879834,0.0026292539140573,0,0,"other",0,"RODENTIA","unsampled"
"189","Crateromys",0.00284021418516004,0.00285564791676435,0,0,"other",0,"RODENTIA","unsampled"
"190","Cratogeomys",0.00287736569951319,0.00277125801480293,0,0,"other",0,"RODENTIA","unsampled"
"191","Cremnomys",0.00265606078838654,0.00261161295697975,0,0,"other",0,"RODENTIA","unsampled"
"192","Cricetomys",0.894705380247541,0.522256060706286,1,0,"other",1,"RODENTIA","positive"
"193","Cricetulus",0.00277463721965555,0.00287614034341674,0,0,"other",0,"RODENTIA","unsampled"
"194","Cricetus",0.00263223836056198,0.00283072798995764,0,0,"other",0,"RODENTIA","unsampled"
"195","Crocidura",0.881989898912838,0.40944048286978,1,0,"other",1,"EULIPOTYPHLA","positive"
"196","Crocuta",0.00238561020494693,0.00346465522551943,0,0,"other",0,"CARNIVORA","unsampled"
"197","Crossarchus",0.00286455516922437,0.0028201571177807,0,0,"other",0,"CARNIVORA","unsampled"
"198","Crossomys",0.00289055559282232,0.00275862183491133,0,0,"other",0,"RODENTIA","unsampled"
"199","Crunomys",0.00264033986251815,0.00264916026983591,0,0,"other",0,"RODENTIA","unsampled"
"200","Cryptomys",0.00275982922147512,0.00273508392696541,0,0,"other",0,"RODENTIA","unsampled"
"201","Cryptonanus",0.00248291004034646,0.00271090957435993,0,0,"other",0,"DIDELPHIMORPHIA","unsampled"
"202","Cryptoprocta",0.00285530107623398,0.00271170152122706,0,0,"other",0,"CARNIVORA","unsampled"
"203","Cryptotis",0.00266603360213208,0.00258313884016881,0,0,"other",0,"EULIPOTYPHLA","unsampled"
"204","Ctenodactylus",0.00282617434970163,0.00287175219574147,0,0,"other",0,"RODENTIA","unsampled"
"205","Ctenomys",0.00265160651903134,0.00258928322026406,0,0,"other",0,"RODENTIA","unsampled"
"206","Cuniculus",0.00286477542123998,0.00281407987878093,0,0,"other",0,"RODENTIA","unsampled"
"207","Cuon",0.00309088537441727,0.00296445692679013,0,0,"other",0,"CARNIVORA","unsampled"
"208","Cuscomys",0.00267084862103888,0.0025530117736036,0,0,"other",0,"RODENTIA","unsampled"
"209","Cyclopes",0.00287799563155886,0.0028464382860464,0,0,"other",0,"PILOSA","unsampled"
"210","Cynictis",0.00283066428818738,0.00269469748647719,0,0,"other",0,"CARNIVORA","unsampled"
"211","Cynogale",0.00289770556241135,0.00289636951565612,0,0,"other",0,"CARNIVORA","unsampled"
"212","Cynomys",0.834743801738853,0.426380423970648,1,0,"other",1,"RODENTIA","positive"
"213","Cystophora",0.00344789968116648,0.00207956889966642,0,0,"other",0,"CARNIVORA","unsampled"
"214","Dacnomys",0.00269534291075807,0.00260615455242861,0,0,"other",0,"RODENTIA","unsampled"
"215","Dactylomys",0.00286523943216908,0.00283925753317722,0,0,"other",0,"RODENTIA","unsampled"
"216","Dama",0.00280055362784695,0.00270203725765832,0,0,"other",0,"CETARTIODACTYLA","unsampled"
"217","Damaliscus",0.00286003743436413,0.0026581957293258,0,0,"other",0,"CETARTIODACTYLA","unsampled"
"218","Dasymys",0.00284290380774353,0.00271547876808973,0,0,"other",0,"RODENTIA","unsampled"
"219","Dasyprocta",0.00284730745169197,0.00279603753837916,0,0,"other",0,"RODENTIA","unsampled"
"220","Daubentonia",0.00291380791160969,0.00369341618004478,0,0,"other",0,"PRIMATES","unsampled"
"221","Delanymys",0.00287340907925168,0.00287344370003661,0,0,"other",0,"RODENTIA","unsampled"
"222","Delomys",0.00264848309963204,0.00269255260395633,0,0,"other",0,"RODENTIA","unsampled"
"223","Delphinapterus",0.00325655932590758,0.00218617450285387,0,0,"other",0,"CETARTIODACTYLA","unsampled"
"224","Delphinus",0.948035371258268,0.105791684120521,1,0,"other",1,"CETARTIODACTYLA","positive"
"225","Deltamys",0.00263153530585177,0.00263792162711862,0,0,"other",0,"RODENTIA","unsampled"
"226","Dendromus",0.00288319315275994,0.00297267928215899,0,0,"other",0,"RODENTIA","unsampled"
"227","Dendroprionomys",0.00261608061124217,0.00257264913513491,0,0,"other",0,"RODENTIA","unsampled"
"228","Deomys",0.00285567340430222,0.00281182014077882,0,0,"other",0,"RODENTIA","unsampled"
"229","Dephomys",0.00266810482267521,0.00281497891444129,0,0,"other",0,"RODENTIA","unsampled"
"230","Desmana",0.00263983277483307,0.00292196833410488,0,0,"other",0,"EULIPOTYPHLA","unsampled"
"231","Desmodilliscus",0.0027748717696932,0.00285926085176078,0,0,"other",0,"RODENTIA","unsampled"
"232","Desmodillus",0.00275155839487154,0.00288281222964419,0,0,"other",0,"RODENTIA","unsampled"
"233","Desmomys",0.00264265999986907,0.00264966357032763,0,0,"other",0,"RODENTIA","unsampled"
"234","Dicerorhinus",0.0022501089275976,0.00358383126027009,0,0,"other",0,"PERISSODACTYLA","unsampled"
"235","Diceros",0.705673655222888,0.895502911630176,0,1,"other",1,"PERISSODACTYLA","positive"
"236","Dicrostonyx",0.00308668278433302,0.00293099326647457,0,0,"other",0,"RODENTIA","unsampled"
"237","Didelphis",0.513853215638202,0.597626542218745,0,1,"other",1,"DIDELPHIMORPHIA","positive"
"238","Dinaromys",0.00283278308441612,0.0028828985595734,0,0,"other",0,"RODENTIA","unsampled"
"239","Dinomys",0.00286483247517349,0.0027405559294469,0,0,"other",0,"RODENTIA","unsampled"
"240","Diomys",0.00270467339866445,0.00265900351873333,0,0,"other",0,"RODENTIA","unsampled"
"241","Diplogale",0.00286753005192397,0.00279674494988403,0,0,"other",0,"CARNIVORA","unsampled"
"242","Diplomesodon",0.00276217128930113,0.00283008938063916,0,0,"other",0,"EULIPOTYPHLA","unsampled"
"243","Diplomys",0.00285600180357358,0.00290717736399011,0,0,"other",0,"RODENTIA","unsampled"
"244","Diplothrix",0.00261366366338197,0.00270086600668276,0,0,"other",0,"RODENTIA","unsampled"
"245","Dipodomys",0.00286826246360558,0.0029902424562158,0,0,"other",0,"RODENTIA","unsampled"
"246","Dipus",0.00286545287810536,0.00351803338034071,0,0,"other",0,"RODENTIA","unsampled"
"247","Dolichotis",0.0027576622817842,0.00280397329931557,0,0,"other",0,"RODENTIA","unsampled"
"248","Dologale",0.00278927053776225,0.00273877013019056,0,0,"other",0,"CARNIVORA","unsampled"
"249","Dorcatragus",0.00287209469545101,0.00275684266307291,0,0,"other",0,"CETARTIODACTYLA","unsampled"
"250","Dremomys",0.0028433754530897,0.00295540968024031,0,0,"other",0,"RODENTIA","unsampled"
"251","Drymoreomys",0.00298852222819023,0.00209124257925351,0,0,"other",0,"RODENTIA","unsampled"
"252","Dryomys",0.00285431762127035,0.00295738809639172,0,0,"other",0,"RODENTIA","unsampled"
"253","Dusicyon",0.00274210949399065,0.00272388524521079,0,0,"other",0,"CARNIVORA","unsampled"
"254","Dymecodon",0.00274854648178305,0.00279079858243997,0,0,"other",0,"EULIPOTYPHLA","unsampled"
"255","Echimys",0.00275303893796482,0.00283216387672344,0,0,"other",0,"RODENTIA","unsampled"
"256","Echinosorex",0.0028559925449259,0.00294232299030022,0,0,"other",0,"EULIPOTYPHLA","unsampled"
"257","Echiothrix",0.00288700542429764,0.00288953674181487,0,0,"other",0,"RODENTIA","unsampled"
"258","Eira",0.00285036065836748,0.00285560467900505,0,0,"other",0,"CARNIVORA","unsampled"
"259","Elaphodus",0.00299823310999794,0.00296275095548193,0,0,"other",0,"CETARTIODACTYLA","unsampled"
"260","Elaphurus",0.0027658550147923,0.00273824266149351,0,0,"other",0,"CETARTIODACTYLA","unsampled"
"261","Elephas",0.790704141061953,0.868212928220152,1,1,"other",1,"PROBOSCIDEA","positive"
"262","Eligmodontia",0.00300027872151029,0.00294706802492184,0,0,"other",0,"RODENTIA","unsampled"
"263","Eliomys",0.00256978716055172,0.00264659456464935,0,0,"other",0,"RODENTIA","unsampled"
"264","Eliurus",0.00283548593100207,0.00293734363066634,0,0,"other",0,"RODENTIA","unsampled"
"265","Ellobius",0.00283342234706021,0.00283397486819544,0,0,"other",0,"RODENTIA","unsampled"
"266","Enhydra",0.0029013598618573,0.00289068318385251,0,0,"other",0,"CARNIVORA","unsampled"
"267","Eoglaucomys",0.00286102325582903,0.0028889899297489,0,0,"other",0,"RODENTIA","unsampled"
"268","Eolagurus",0.00262689277472295,0.0029560882536447,0,0,"other",0,"RODENTIA","unsampled"
"269","Eospalax",0.00285416117356193,0.00283679668692969,0,0,"other",0,"RODENTIA","unsampled"
"270","Eothenomys",0.00286142182091724,0.00289301335489539,0,0,"other",0,"RODENTIA","unsampled"
"271","Eozapus",0.00264685648852413,0.00254721680978619,0,0,"other",0,"RODENTIA","unsampled"
"272","Episoriculus",0.00279702096157295,0.00271536429155836,0,0,"other",0,"EULIPOTYPHLA","unsampled"
"273","Epixerus",0.002739406803686,0.00281400528168337,0,0,"other",0,"RODENTIA","unsampled"
"274","Equus",0.912575084853576,0.776944576656056,1,1,"other",1,"PERISSODACTYLA","positive"
"275","Eremodipus",0.00257228711745737,0.00262588915978291,0,0,"other",0,"RODENTIA","unsampled"
"276","Eremoryzomys",0.00286985420929261,0.00298350367810654,0,0,"other",0,"RODENTIA","unsampled"
"277","Erethizon",0.00276650622083752,0.00277434462234851,0,0,"other",0,"RODENTIA","unsampled"
"278","Erignathus",0.00338420602654706,0.00208085020565826,0,0,"other",0,"CARNIVORA","unsampled"
"279","Erinaceus",0.00281909050788916,0.00284510341377517,0,0,"other",0,"EULIPOTYPHLA","unsampled"
"280","Eropeplus",0.00267423475456349,0.00270805691783476,0,0,"other",0,"RODENTIA","unsampled"
"281","Erythrocebus",0.00275886209590432,0.00274143840698917,0,0,"other",0,"PRIMATES","unsampled"
"282","Eschrichtius",0.00370313014612035,0.0020998807244531,0,0,"other",0,"CETARTIODACTYLA","unsampled"
"283","Eubalaena",0.955593760203325,0.135292642728501,1,0,"other",1,"CETARTIODACTYLA","positive"
"284","Euchoreutes",0.00260410515842288,0.00262524081459672,0,0,"other",0,"RODENTIA","unsampled"
"285","Eudorcas",0.00287282021079989,0.00278162845417053,0,0,"other",0,"CETARTIODACTYLA","unsampled"
"286","Eulemur",0.0028634692282152,0.00276061251256661,0,0,"other",0,"PRIMATES","unsampled"
"287","Eumetopias",0.940157077282619,0.12968724113918,1,0,"other",1,"CARNIVORA","positive"
"288","Euneomys",0.00283304439347768,0.00280372333972501,0,0,"other",0,"RODENTIA","unsampled"
"289","Euoticus",0.00274312911868936,0.00358164264589176,0,0,"other",0,"PRIMATES","unsampled"
"290","Eupetaurus",0.00285443445720005,0.00272651102238225,0,0,"other",0,"RODENTIA","unsampled"
"291","Eupleres",0.00287797870250768,0.00279669801054657,0,0,"other",0,"CARNIVORA","unsampled"
"292","Euroscaptor",0.00289025303156711,0.00284105448097618,0,0,"other",0,"EULIPOTYPHLA","unsampled"
"293","Euryoryzomys",0.00286849437193474,0.00298599002729803,0,0,"other",0,"RODENTIA","unsampled"
"294","Euryzygomatomys",0.00260419900164697,0.00261630297723898,0,0,"other",0,"RODENTIA","unsampled"
"295","Exilisciurus",0.00284885121364294,0.00294176715786479,0,0,"other",0,"RODENTIA","unsampled"
"296","Felis",0.787054900689054,0.70089595423566,1,1,"other",1,"CARNIVORA","positive"
"297","Felovia",0.00261114510712337,0.00255939234076036,0,0,"other",0,"RODENTIA","unsampled"
"298","Feresa",0.00340971629165154,0.0020905816629963,0,0,"other",0,"CETARTIODACTYLA","unsampled"
"299","Feroculus",0.00275225675235906,0.0027320423657649,0,0,"other",0,"EULIPOTYPHLA","unsampled"
"300","Fossa",0.00286735699879486,0.00280666468519117,0,0,"other",0,"CARNIVORA","unsampled"
"301","Fukomys",0.00283286908994569,0.00276867837877435,0,0,"other",0,"RODENTIA","unsampled"
"302","Funambulus",0.00282835168307229,0.00303433387845516,0,0,"other",0,"RODENTIA","unsampled"
"303","Funisciurus",0.850937987513826,0.631608410993778,1,1,"other",1,"RODENTIA","positive"
"304","Galago",0.00284135010830081,0.0035141632391495,0,0,"other",0,"PRIMATES","unsampled"
"305","Galagoides",0.00279792402977017,0.00283052361014111,0,0,"other",0,"PRIMATES","unsampled"
"306","Galea",0.00318761058479599,0.00326557617596684,0,0,"other",0,"RODENTIA","unsampled"
"307","Galemys",0.002867222999048,0.00289452050838064,0,0,"other",0,"EULIPOTYPHLA","unsampled"
"308","Galenomys",0.00269416022501069,0.00262168502126241,0,0,"other",0,"RODENTIA","unsampled"
"309","Galictis",0.00291160105730468,0.00280157358676369,0,0,"other",0,"CARNIVORA","unsampled"
"310","Galidia",0.00288113024794272,0.00283549618544672,0,0,"other",0,"CARNIVORA","unsampled"
"311","Galidictis",0.00292596489717243,0.00281732103097965,0,0,"other",0,"CARNIVORA","unsampled"
"312","Gazella",0.00289763934999359,0.0027618496615276,0,0,"other",0,"CETARTIODACTYLA","unsampled"
"313","Genetta",0.00291875295698261,0.00274621993420374,0,0,"other",0,"CARNIVORA","unsampled"
"314","Geocapromys",0.00259160612734283,0.00254368372993508,0,0,"other",0,"RODENTIA","unsampled"
"315","Geomys",0.00264744845734933,0.00262507120066359,0,0,"other",0,"RODENTIA","unsampled"
"316","Georychus",0.00255736670395341,0.00277853229075575,0,0,"other",0,"RODENTIA","unsampled"
"317","Geoxus",0.00279908690790292,0.00281593456348908,0,0,"other",0,"RODENTIA","unsampled"
"318","Gerbilliscus",0.788964761267787,0.762076443883239,0,1,"other",1,"RODENTIA","positive"
"319","Gerbillurus",0.00275598188977918,0.002895995689792,0,0,"other",0,"RODENTIA","unsampled"
"320","Gerbillus",0.0028217247403611,0.00301409856483554,0,0,"other",0,"RODENTIA","unsampled"
"321","Giraffa",0.00263948625423814,0.00402763231018567,0,0,"other",0,"CETARTIODACTYLA","unsampled"
"322","Glaucomys",0.00277241592966662,0.00292251369447902,0,0,"other",0,"RODENTIA","unsampled"
"323","Glironia",0.00282993339777618,0.00296187442623105,0,0,"other",0,"DIDELPHIMORPHIA","unsampled"
"324","Glirulus",0.00284266022378776,0.00299490197884265,0,0,"other",0,"RODENTIA","unsampled"
"325","Glis",0.00278813496272062,0.00288746048355861,0,0,"other",0,"RODENTIA","unsampled"
"326","Globicephala",0.00341624084062853,0.00256071498442633,0,0,"other",0,"CETARTIODACTYLA","unsampled"
"327","Glyphotes",0.0026814365289994,0.00264383627950256,0,0,"other",0,"RODENTIA","unsampled"
"328","Golunda",0.00279480773905473,0.00287904175044407,0,0,"other",0,"RODENTIA","unsampled"
"329","Gorilla",0.678445362899192,0.390289189960003,0,0,"true negative",1,"PRIMATES","negative"
"330","Gracilinanus",0.00262394732894992,0.00355136643699027,0,0,"other",0,"DIDELPHIMORPHIA","unsampled"
"331","Grammomys",0.00288789515734779,0.00295652165029843,0,0,"other",0,"RODENTIA","unsampled"
"332","Grampus",0.943824523191581,0.0758992200873947,1,0,"other",1,"CETARTIODACTYLA","positive"
"333","Graomys",0.00261952873099214,0.00300414544013908,0,0,"other",0,"RODENTIA","unsampled"
"334","Graphiurus",0.00277632539553634,0.00294666190944867,0,0,"other",0,"RODENTIA","unsampled"
"335","Gulo",0.00283981883373176,0.00261200923752845,0,0,"other",0,"CARNIVORA","unsampled"
"336","Gymnuromys",0.00265474966620027,0.00260161699667365,0,0,"other",0,"RODENTIA","unsampled"
"337","Habromys",0.00285260129507704,0.00285590646440123,0,0,"other",0,"RODENTIA","unsampled"
"338","Hadromys",0.00285550568427525,0.00290260216260946,0,0,"other",0,"RODENTIA","unsampled"
"339","Haeromys",0.00284742093086538,0.00300898767438676,0,0,"other",0,"RODENTIA","unsampled"
"340","Halichoerus",0.00336778944003334,0.00207766676801281,0,0,"other",0,"CARNIVORA","unsampled"
"341","Halmaheramys",0.00298271929588937,0.00210481477053907,0,0,"other",0,"RODENTIA","unsampled"
"342","Handleyomys",0.0028567223915856,0.00300312426945638,0,0,"other",0,"RODENTIA","unsampled"
"343","Hapalemur",0.00286146296885479,0.00276584520789523,0,0,"other",0,"PRIMATES","unsampled"
"344","Hapalomys",0.00288382260403408,0.00291934275411806,0,0,"other",0,"RODENTIA","unsampled"
"345","Heimyscus",0.00261056246161961,0.00266086819161466,0,0,"other",0,"RODENTIA","unsampled"
"346","Helarctos",0.00292943418837027,0.00273712062252333,0,0,"other",0,"CARNIVORA","unsampled"
"347","Heliophobius",0.00283677074720144,0.00278159233534598,0,0,"other",0,"RODENTIA","unsampled"
"348","Heliosciurus",0.768439684169894,0.501021259439515,0,0,"true negative",1,"RODENTIA","negative"
"349","Helogale",0.00289642837195117,0.00275410594025877,0,0,"other",0,"CARNIVORA","unsampled"
"350","Hemiechinus",0.00283170975765314,0.00271820179460497,0,0,"other",0,"EULIPOTYPHLA","unsampled"
"351","Hemigalus",0.0029025810984581,0.00285062054372277,0,0,"other",0,"CARNIVORA","unsampled"
"352","Hemitragus",0.00316733348448333,0.00312344332220878,0,0,"other",0,"CETARTIODACTYLA","unsampled"
"353","Herpailurus",0.00282673804257383,0.00359280883026695,0,0,"other",0,"CARNIVORA","unsampled"
"354","Herpestes",0.00291686444256693,0.00291190994220777,0,0,"other",0,"CARNIVORA","unsampled"
"355","Heterocephalus",0.00261724052856106,0.00281212128931663,0,0,"other",0,"RODENTIA","unsampled"
"356","Heteromys",0.00284961206225173,0.00293979053499748,0,0,"other",0,"RODENTIA","unsampled"
"357","Heteropsomys",0.00264309237346785,0.00259847578184537,0,0,"other",0,"RODENTIA","unsampled"
"358","Hexolobodon",0.00265587647723672,0.00258730751371211,0,0,"other",0,"RODENTIA","unsampled"
"359","Hippidion",0.00265484415920971,0.00263302845953685,0,0,"other",0,"PERISSODACTYLA","unsampled"
"360","Hippocamelus",0.00288385769951491,0.00259197077239664,0,0,"other",0,"CETARTIODACTYLA","unsampled"
"361","Hippopotamus",0.00275115194062941,0.00288832292794326,0,0,"other",0,"CETARTIODACTYLA","unsampled"
"362","Hippotragus",0.00274779310186033,0.00272485688172846,0,0,"other",0,"CETARTIODACTYLA","unsampled"
"363","Histriophoca",0.00347421784168557,0.00207871037810302,0,0,"other",0,"CARNIVORA","unsampled"
"364","Hodomys",0.00259536005912488,0.00260329997864132,0,0,"other",0,"RODENTIA","unsampled"
"365","Holochilus",0.00276125332672054,0.00286245845710455,0,0,"other",0,"RODENTIA","unsampled"
"366","Homo",0.874122368493042,0.530691484119052,1,1,"other",1,"PRIMATES","positive"
"367","Homotherium",0.00255598101192225,0.00350202783681523,0,0,"other",0,"CARNIVORA","unsampled"
"368","Hoolock",0.00257885742157139,0.00278726819945279,0,0,"other",0,"PRIMATES","unsampled"
"369","Hoplomys",0.00282258895671029,0.00287992242779928,0,0,"other",0,"RODENTIA","unsampled"
"370","Hyaena",0.00275815590134474,0.00258877514995281,0,0,"other",0,"CARNIVORA","unsampled"
"371","Hybomys",0.00285463452968952,0.00291325389046783,0,0,"other",0,"RODENTIA","unsampled"
"372","Hydrochoerus",0.0027577492697714,0.00277175748198063,0,0,"other",0,"RODENTIA","unsampled"
"373","Hydromys",0.00288836066120052,0.0028379511785847,0,0,"other",0,"RODENTIA","unsampled"
"374","Hydropotes",0.0027710444883621,0.0027365444997388,0,0,"other",0,"CETARTIODACTYLA","unsampled"
"375","Hydrurga",0.00345029652115608,0.00207173109490305,0,0,"other",0,"CARNIVORA","unsampled"
"376","Hyemoschus",0.00266474746704154,0.00274239129215673,0,0,"other",0,"CETARTIODACTYLA","unsampled"
"377","Hyladelphys",0.0025926933186049,0.00272070944753122,0,0,"other",0,"DIDELPHIMORPHIA","unsampled"
"378","Hylaeamys",0.00285638077767122,0.0029868067046748,0,0,"other",0,"RODENTIA","unsampled"
"379","Hylobates",0.910802229963122,0.378188435001701,1,0,"other",1,"PRIMATES","positive"
"380","Hylochoerus",0.00268096007358821,0.00271363969220049,0,0,"other",0,"CETARTIODACTYLA","unsampled"
"381","Hylomys",0.00287323470094943,0.00278771690681224,0,0,"other",0,"EULIPOTYPHLA","unsampled"
"382","Hylomyscus",0.00284922600450908,0.00287939405568976,0,0,"other",0,"RODENTIA","unsampled"
"383","Hylopetes",0.0028553322178461,0.00303657311400662,0,0,"other",0,"RODENTIA","unsampled"
"384","Hyomys",0.00287217572164679,0.0028385004453387,0,0,"other",0,"RODENTIA","unsampled"
"385","Hyosciurus",0.00271211682189889,0.00263401820734498,0,0,"other",0,"RODENTIA","unsampled"
"386","Hyperacrius",0.00283630218940667,0.00276517946822236,0,0,"other",0,"RODENTIA","unsampled"
"387","Hyperoodon",0.0033998666638273,0.00209657731462682,0,0,"other",0,"CETARTIODACTYLA","unsampled"
"388","Hypogeomys",0.00276454777674157,0.00285269076284965,0,0,"other",0,"RODENTIA","unsampled"
"389","Hystrix",0.00286085947497331,0.0028346388870139,0,0,"other",0,"RODENTIA","unsampled"
"390","Ichneumia",0.00289655452413221,0.00265934197885734,0,0,"other",0,"CARNIVORA","unsampled"
"391","Ichthyomys",0.00285468049279139,0.00287028642234171,0,0,"other",0,"RODENTIA","unsampled"
"392","Ictidomys",0.00261110988542343,0.00289935679149064,0,0,"other",0,"RODENTIA","unsampled"
"393","Ictonyx",0.0029025301975045,0.00268944049906226,0,0,"other",0,"CARNIVORA","unsampled"
"394","Idiurus",0.0026719312985175,0.00280636051046203,0,0,"other",0,"RODENTIA","unsampled"
"395","Indopacetus",0.00298868559315822,0.00204801079384027,0,0,"other",0,"CETARTIODACTYLA","unsampled"
"396","Indri",0.00284188421859969,0.0027577727668879,0,0,"other",0,"PRIMATES","unsampled"
"397","Inia",0.00334605392232308,0.00210059122047146,0,0,"other",0,"CETARTIODACTYLA","unsampled"
"398","Iomys",0.00285728513324197,0.00303354765937705,0,0,"other",0,"RODENTIA","unsampled"
"399","Irenomys",0.00276601415330068,0.00296382063920227,0,0,"other",0,"RODENTIA","unsampled"
"400","Isolobodon",0.00263274148712468,0.00261076268050462,0,0,"other",0,"RODENTIA","unsampled"
"401","Isothrix",0.00265241245344034,0.00260335566820356,0,0,"other",0,"RODENTIA","unsampled"
"402","Isthmomys",0.00276441425081513,0.00284364034563972,0,0,"other",0,"RODENTIA","unsampled"
"403","Jaculus",0.00285127364791341,0.00288189994317872,0,0,"other",0,"RODENTIA","unsampled"
"404","Juliomys",0.00288539529566378,0.00294943230942241,0,0,"other",0,"RODENTIA","unsampled"
"405","Juscelinomys",0.00275082028643013,0.00288724042623494,0,0,"other",0,"RODENTIA","unsampled"
"406","Kadarsanomys",0.00261522330390074,0.00271134640166809,0,0,"other",0,"RODENTIA","unsampled"
"407","Kannabateomys",0.00276871821176397,0.00280859292250231,0,0,"other",0,"RODENTIA","unsampled"
"408","Kerodon",0.00274238476966809,0.00275481865853378,0,0,"other",0,"RODENTIA","unsampled"
"409","Kobus",0.00287343095988196,0.00267947520128099,0,0,"other",0,"CETARTIODACTYLA","unsampled"
"410","Kogia",0.0027513143752185,0.00312077443116407,0,0,"other",0,"CETARTIODACTYLA","unsampled"
"411","Komodomys",0.00260008397441428,0.00268835809710972,0,0,"other",0,"RODENTIA","unsampled"
"412","Kunsia",0.0025793333069665,0.00260638559272017,0,0,"other",0,"RODENTIA","unsampled"
"413","Lagenodelphis",0.00339234637078747,0.00207538229906966,0,0,"other",0,"CETARTIODACTYLA","unsampled"
"414","Lagenorhynchus",0.00337460903684925,0.0020973702223464,0,0,"other",0,"CETARTIODACTYLA","unsampled"
"415","Lagidium",0.00284668362183634,0.00276515383937394,0,0,"other",0,"RODENTIA","unsampled"
"416","Lagostomus",0.00275919558119743,0.00279564983782515,0,0,"other",0,"RODENTIA","unsampled"
"417","Lagothrix",0.00277567575100166,0.0028424469282747,0,0,"other",0,"PRIMATES","unsampled"
"418","Lagurus",0.00311445662250948,0.00291107364016586,0,0,"other",0,"RODENTIA","unsampled"
"419","Lama",0.926684344458802,0.647074068524807,1,1,"other",1,"CETARTIODACTYLA","positive"
"420","Lamottemys",0.00267516771510312,0.0025703109949179,0,0,"other",0,"RODENTIA","unsampled"
"421","Laonastes",0.00265720471918941,0.00264168620359548,0,0,"other",0,"RODENTIA","unsampled"
"422","Lariscus",0.00286032388915381,0.00296834457162459,0,0,"other",0,"RODENTIA","unsampled"
"423","Lasiopodomys",0.00286046910531169,0.00285024188811097,0,0,"other",0,"RODENTIA","unsampled"
"424","Leggadina",0.00274789679995345,0.0028559813381704,0,0,"other",0,"RODENTIA","unsampled"
"425","Leimacomys",0.00275407833368152,0.00285452095231126,0,0,"other",0,"RODENTIA","unsampled"
"426","Lemmiscus",0.0027884582382676,0.00292517616438483,0,0,"other",0,"RODENTIA","unsampled"
"427","Lemmus",0.0029141546623862,0.00288172256412362,0,0,"other",0,"RODENTIA","unsampled"
"428","Lemniscomys",0.00285630848590567,0.0029120593420371,0,0,"other",0,"RODENTIA","unsampled"
"429","Lemur",0.00266959004936899,0.00274624042814218,0,0,"other",0,"PRIMATES","unsampled"
"430","Lenomys",0.00263263956169458,0.00265596419277942,0,0,"other",0,"RODENTIA","unsampled"
"431","Lenothrix",0.00261936142041715,0.00268742786471686,0,0,"other",0,"RODENTIA","unsampled"
"432","Lenoxus",0.0026386211972948,0.00263055941777756,0,0,"other",0,"RODENTIA","unsampled"
"433","Leontocebus",0.662383665742932,0.587950126100373,0,1,"other",1,"PRIMATES","positive"
"434","Leontopithecus",0.00275477754951574,0.00289654236152496,0,0,"other",0,"PRIMATES","unsampled"
"435","Leopardus",0.653291043095676,0.676705058203814,0,1,"other",1,"CARNIVORA","positive"
"436","Leopoldamys",0.00286582301395928,0.00293018247514666,0,0,"other",0,"RODENTIA","unsampled"
"437","Lepilemur",0.00284180084927489,0.00280605245783904,0,0,"other",0,"PRIMATES","unsampled"
"438","Leporillus",0.00278344550602996,0.00279491650073848,0,0,"other",0,"RODENTIA","unsampled"
"439","Leptailurus",0.73604395343743,0.52247021337438,0,0,"true negative",1,"CARNIVORA","negative"
"440","Leptomys",0.00287509002539789,0.00287068892979356,0,0,"other",0,"RODENTIA","unsampled"
"441","Leptonychotes",0.00344545178439144,0.00210372565561463,0,0,"other",0,"CARNIVORA","unsampled"
"442","Lepus",0.00286802959724741,0.00285553945993034,0,0,"other",0,"LAGOMORPHA","unsampled"
"443","Lestodelphys",0.00250138595938701,0.0028993997088524,0,0,"other",0,"DIDELPHIMORPHIA","unsampled"
"444","Liberiictis",0.00279440155442146,0.00272715805265986,0,0,"other",0,"CARNIVORA","unsampled"
"445","Limnomys",0.00267066455380791,0.0027095091673892,0,0,"other",0,"RODENTIA","unsampled"
"446","Liomys",0.00284769272107735,0.00294365432584109,0,0,"other",0,"RODENTIA","unsampled"
"447","Lipotes",0.00337558143286329,0.00211954316872675,0,0,"other",0,"CETARTIODACTYLA","unsampled"
"448","Lissodelphis",0.00337179280469882,0.00208624534690685,0,0,"other",0,"CETARTIODACTYLA","unsampled"
"449","Litocranius",0.00285775461646014,0.00272200511390414,0,0,"other",0,"CETARTIODACTYLA","unsampled"
"450","Lobodon",0.00345260141105453,0.00205768467162502,0,0,"other",0,"CARNIVORA","unsampled"
"451","Lonchothrix",0.00258237678850999,0.00261742830860083,0,0,"other",0,"RODENTIA","unsampled"
"452","Lontra",0.00288823401366937,0.00273120010806937,0,0,"other",0,"CARNIVORA","unsampled"
"453","Lophiomys",0.00281938739844378,0.00272706714873385,0,0,"other",0,"RODENTIA","unsampled"
"454","Lophocebus",0.00276184561467495,0.002745690883788,0,0,"other",0,"PRIMATES","unsampled"
"455","Lophuromys",0.00285224929189265,0.00285371477333817,0,0,"other",0,"RODENTIA","unsampled"
"456","Lorentzimys",0.00283848130563899,0.00292798149162817,0,0,"other",0,"RODENTIA","unsampled"
"457","Loris",0.00286295266996306,0.002846538529912,0,0,"other",0,"PRIMATES","unsampled"
"458","Loxodonta",0.797132236677915,0.880644044458118,1,1,"other",1,"PROBOSCIDEA","positive"
"459","Loxodontomys",0.00278374766156107,0.00287469243638295,0,0,"other",0,"RODENTIA","unsampled"
"460","Lundomys",0.00258367846405891,0.00261070908743611,0,0,"other",0,"RODENTIA","unsampled"
"461","Lutra",0.00288535102058163,0.00272939063539093,0,0,"other",0,"CARNIVORA","unsampled"
"462","Lutreolina",0.00262370424037835,0.0030903510395022,0,0,"other",0,"DIDELPHIMORPHIA","unsampled"
"463","Lutrogale",0.00286712264084756,0.00283066472931574,0,0,"other",0,"CARNIVORA","unsampled"
"464","Lycaon",0.00258836136035944,0.0026823618670213,0,0,"other",0,"CARNIVORA","unsampled"
"465","Lyncodon",0.00282157122722193,0.00284007171328234,0,0,"other",0,"CARNIVORA","unsampled"
"466","Lynx",0.868373451955791,0.537347397470626,1,0,"other",1,"CARNIVORA","positive"
"467","Macaca",0.856582802590882,0.572138065724542,1,1,"other",1,"PRIMATES","positive"
"468","Macrogalidia",0.0028343180434932,0.00288509749944678,0,0,"other",0,"CARNIVORA","unsampled"
"469","Macrotarsomys",0.00283644523531479,0.00296117676914902,0,0,"other",0,"RODENTIA","unsampled"
"470","Macruromys",0.00281676767406737,0.00287768268032845,0,0,"other",0,"RODENTIA","unsampled"
"471","Madoqua",0.00287988546574327,0.00275874721195114,0,0,"other",0,"CETARTIODACTYLA","unsampled"
"472","Madromys",0.00270400742617836,0.00261496893872857,0,0,"other",0,"RODENTIA","unsampled"
"473","Makalata",0.00266586924057335,0.00286255119486406,0,0,"other",0,"RODENTIA","unsampled"
"474","Malacomys",0.900505162010326,0.515322672226153,1,0,"other",1,"RODENTIA","positive"
"475","Malacothrix",0.00272436914973206,0.00278394744545986,0,0,"other",0,"RODENTIA","unsampled"
"476","Mallomys",0.00284146170114073,0.00278104643490937,0,0,"other",0,"RODENTIA","unsampled"
"477","Malpaisomys",0.00259916038538563,0.00264428199426638,0,0,"other",0,"RODENTIA","unsampled"
"478","Mammelomys",0.00284823314837205,0.00287513439842816,0,0,"other",0,"RODENTIA","unsampled"
"479","Mammut",0.00254074288405673,0.00390661977641858,0,0,"other",0,"PROBOSCIDEA","unsampled"
"480","Mammuthus",0.00251968647739763,0.00391437107312737,0,0,"other",0,"PROBOSCIDEA","unsampled"
"481","Mandrillus",0.00258153335671953,0.00270546422458475,0,0,"other",0,"PRIMATES","unsampled"
"482","Margaretamys",0.00266044430613544,0.00268307784618464,0,0,"other",0,"RODENTIA","unsampled"
"483","Marmosa",0.00262366850309981,0.00294170579926206,0,0,"other",0,"DIDELPHIMORPHIA","unsampled"
"484","Marmosops",0.00265605169580175,0.00296407123495747,0,0,"other",0,"DIDELPHIMORPHIA","unsampled"
"485","Marmota",0.885097207139755,0.501758442816795,1,0,"other",1,"RODENTIA","positive"
"486","Martes",0.00289735533992447,0.00294072352940711,0,0,"other",0,"CARNIVORA","unsampled"
"487","Massoutiera",0.00282345758890133,0.00288159832851693,0,0,"other",0,"RODENTIA","unsampled"
"488","Mastacomys",0.00287888863533709,0.00293083111112324,0,0,"other",0,"RODENTIA","unsampled"
"489","Mastomys",0.00262773398174056,0.00298161845201506,0,0,"other",0,"RODENTIA","unsampled"
"490","Maxomys",0.00284772640212569,0.00299579710624541,0,0,"other",0,"RODENTIA","unsampled"
"491","Mazama",0.00287687143855569,0.00278682259021212,0,0,"other",0,"CETARTIODACTYLA","unsampled"
"492","Megadendromus",0.00264212015273954,0.00257376063958296,0,0,"other",0,"RODENTIA","unsampled"
"493","Megadontomys",0.00277580513619456,0.00280395934039943,0,0,"other",0,"RODENTIA","unsampled"
"494","Megaladapis",0.00261338842186089,0.00251190154306707,0,0,"other",0,"PRIMATES","unsampled"
"495","Megaloceros",0.00262964625969338,0.00248571060764682,0,0,"other",0,"CETARTIODACTYLA","unsampled"
"496","Megalomys",0.00262563250721498,0.00266638083608158,0,0,"other",0,"RODENTIA","unsampled"
"497","Megaoryzomys",0.00263016504418826,0.00263830120602148,0,0,"other",0,"RODENTIA","unsampled"
"498","Megaptera",0.00370129584341683,0.00209456358575228,0,0,"other",0,"CETARTIODACTYLA","unsampled"
"499","Megasorex",0.00267260524527859,0.00259422741176388,0,0,"other",0,"EULIPOTYPHLA","unsampled"
"500","Melanomys",0.00266765589701977,0.00266214598920341,0,0,"other",0,"RODENTIA","unsampled"
"501","Melasmothrix",0.00287534236435506,0.00289422516930791,0,0,"other",0,"RODENTIA","unsampled"
"502","Meles",0.00291345747164355,0.00275029230150514,0,0,"other",0,"CARNIVORA","unsampled"
"503","Mellivora",0.00281755588439583,0.00265606472635074,0,0,"other",0,"CARNIVORA","unsampled"
"504","Melogale",0.00288522903705657,0.00286933246255754,0,0,"other",0,"CARNIVORA","unsampled"
"505","Melomys",0.00267888865244021,0.00264655610988877,0,0,"other",0,"RODENTIA","unsampled"
"506","Melursus",0.00289479828666582,0.00266650720609826,0,0,"other",0,"CARNIVORA","unsampled"
"507","Menetes",0.00263993975955284,0.00260461697030013,0,0,"other",0,"RODENTIA","unsampled"
"508","Mephitis",0.818978766485658,0.727399213095518,1,1,"other",1,"CARNIVORA","positive"
"509","Meriones",0.692307038032395,0.825922089966261,0,1,"other",1,"RODENTIA","positive"
"510","Mesechinus",0.00267628047913955,0.00278635059747631,0,0,"other",0,"EULIPOTYPHLA","unsampled"
"511","Mesembriomys",0.002854501106957,0.0035820457123977,0,0,"other",0,"RODENTIA","unsampled"
"512","Mesocapromys",0.00261815414188536,0.00260204720425289,0,0,"other",0,"RODENTIA","unsampled"
"513","Mesocricetus",0.00269514923802342,0.0030518553527467,0,0,"other",0,"RODENTIA","unsampled"
"514","Mesomys",0.0026437161247639,0.00262355129140434,0,0,"other",0,"RODENTIA","unsampled"
"515","Mesoplodon",0.0033313940252715,0.00209707188675054,0,0,"other",0,"CETARTIODACTYLA","unsampled"
"516","Metachirus",0.00273207549212947,0.00296294784450651,0,0,"other",0,"DIDELPHIMORPHIA","unsampled"
"517","Mico",0.00282414379972594,0.00384294677743145,0,0,"other",0,"PRIMATES","unsampled"
"518","Microakodontomys",0.00263167291392764,0.00261841520573952,0,0,"other",0,"RODENTIA","unsampled"
"519","Microcavia",0.00292406933676826,0.00279636190285042,0,0,"other",0,"RODENTIA","unsampled"
"520","Microcebus",0.00284562221743963,0.00291994850878822,0,0,"other",0,"PRIMATES","unsampled"
"521","Microdillus",0.0025977099328705,0.00265214749700926,0,0,"other",0,"RODENTIA","unsampled"
"522","Microdipodops",0.00285588177856677,0.00296386034896137,0,0,"other",0,"RODENTIA","unsampled"
"523","Microhydromys",0.00285582484945766,0.00290672438842979,0,0,"other",0,"RODENTIA","unsampled"
"524","Micromys",0.815346038703955,0.65867343105363,1,0,"other",1,"RODENTIA","positive"
"525","Microryzomys",0.00271355729917534,0.0025866457935765,0,0,"other",0,"RODENTIA","unsampled"
"526","Microsciurus",0.00287423666505811,0.00292619115349058,0,0,"other",0,"RODENTIA","unsampled"
"527","Microtus",0.857369903351671,0.760079480488989,1,1,"other",1,"RODENTIA","positive"
"528","Millardia",0.0028691278813406,0.00296516323796258,0,0,"other",0,"RODENTIA","unsampled"
"529","Mindomys",0.00288370240962607,0.00297621593026282,0,0,"other",0,"RODENTIA","unsampled"
"530","Miopithecus",0.00268461893023476,0.00268643135720695,0,0,"other",0,"PRIMATES","unsampled"
"531","Miracinonyx",0.00254829837491771,0.003804666248729,0,0,"other",0,"CARNIVORA","unsampled"
"532","Mirounga",0.00346616865873881,0.00207302322260562,0,0,"other",0,"CARNIVORA","unsampled"
"533","Mirza",0.00286173488200906,0.00279885730071907,0,0,"other",0,"PRIMATES","unsampled"
"534","Mirzamys",0.0028917644830175,0.00282408686060741,0,0,"other",0,"RODENTIA","unsampled"
"535","Mogera",0.00285397193617834,0.00291204891841973,0,0,"other",0,"EULIPOTYPHLA","unsampled"
"536","Monachus",0.00343587409196037,0.00207754023404255,0,0,"other",0,"CARNIVORA","unsampled"
"537","Monodelphis",0.815525849631492,0.60701972779609,1,0,"other",1,"DIDELPHIMORPHIA","positive"
"538","Monodon",0.00310174605440586,0.00243316851609542,0,0,"other",0,"CETARTIODACTYLA","unsampled"
"539","Monticolomys",0.00284185900765575,0.00300040422034186,0,0,"other",0,"RODENTIA","unsampled"
"540","Moschiola",0.0028310127528534,0.00279771931646557,0,0,"other",0,"CETARTIODACTYLA","unsampled"
"541","Moschus",0.00285973614557562,0.00271764477507763,0,0,"other",0,"CETARTIODACTYLA","unsampled"
"542","Mungos",0.866060348469842,0.355977030438591,1,0,"other",1,"CARNIVORA","positive"
"543","Mungotictis",0.00288974628273569,0.00277429807812366,0,0,"other",0,"CARNIVORA","unsampled"
"544","Muntiacus",0.00287813772228634,0.00279768099133963,0,0,"other",0,"CETARTIODACTYLA","unsampled"
"545","Muriculus",0.00265205298268796,0.00256109840200263,0,0,"other",0,"RODENTIA","unsampled"
"546","Mus",0.8765694652939,0.794472305661748,1,1,"other",1,"RODENTIA","positive"
"547","Muscardinus",0.00282956390159695,0.00355347736854274,0,0,"other",0,"RODENTIA","unsampled"
"548","Musseromys",0.0029810283042312,0.00210010329969056,0,0,"other",0,"RODENTIA","unsampled"
"549","Mustela",0.00269458725628985,0.0028423358761224,0,0,"other",0,"CARNIVORA","unsampled"
"550","Mydaus",0.00285471723576055,0.00284735875240283,0,0,"other",0,"CARNIVORA","unsampled"
"551","Mylodon",0.00232974444670862,0.00349740141039338,0,0,"other",0,"PILOSA","unsampled"
"552","Mylomys",0.00284520532222224,0.00281740996163147,0,0,"other",0,"RODENTIA","unsampled"
"553","Myocastor",0.00261525863257376,0.00284417685688214,0,0,"other",0,"RODENTIA","unsampled"
"554","Myodes",0.864654570960022,0.748694816174662,1,1,"other",1,"RODENTIA","positive"
"555","Myomimus",0.00286940329993755,0.00295528068590314,0,0,"other",0,"RODENTIA","unsampled"
"556","Myomyscus",0.002847499875649,0.00289796992313716,0,0,"other",0,"RODENTIA","unsampled"
"557","Myoprocta",0.00283107618259918,0.00282789992331045,0,0,"other",0,"RODENTIA","unsampled"
"558","Myopus",0.00305791470607122,0.00298115463641644,0,0,"other",0,"RODENTIA","unsampled"
"559","Myosciurus",0.00273203715744841,0.0027978328917169,0,0,"other",0,"RODENTIA","unsampled"
"560","Myosorex",0.00297632060357019,0.00283015193921703,0,0,"other",0,"EULIPOTYPHLA","unsampled"
"561","Myospalax",0.0028534745755678,0.00287701737920002,0,0,"other",0,"RODENTIA","unsampled"
"562","Myotragus",0.00263746753054681,0.00254344995206808,0,0,"other",0,"CETARTIODACTYLA","unsampled"
"563","Myrmecophaga",0.780022511479575,0.79844250627506,0,1,"other",1,"PILOSA","positive"
"564","Mysateles",0.00263453580560577,0.0025998661001639,0,0,"other",0,"RODENTIA","unsampled"
"565","Mystromys",0.0027542291276689,0.00292935559131052,0,0,"other",0,"RODENTIA","unsampled"
"566","Naemorhedus",0.0029027080170693,0.00269534563717918,0,0,"other",0,"CETARTIODACTYLA","unsampled"
"567","Nandinia",0.00275427811348926,0.00273597507110373,0,0,"other",0,"CARNIVORA","unsampled"
"568","Nanger",0.00287944070852319,0.00269376985862469,0,0,"other",0,"CETARTIODACTYLA","unsampled"
"569","Nannosciurus",0.0026295683516807,0.00267417796349745,0,0,"other",0,"RODENTIA","unsampled"
"570","Napaeozapus",0.00272052770785515,0.00291597991040028,0,0,"other",0,"RODENTIA","unsampled"
"571","Nasalis",0.00271455638443277,0.00276404802830949,0,0,"other",0,"PRIMATES","unsampled"
"572","Nasua",0.672457076722604,0.409518121337828,0,0,"true negative",1,"CARNIVORA","negative"
"573","Nasuella",0.0027551900694851,0.00270734277522609,0,0,"other",0,"CARNIVORA","unsampled"
"574","Neacomys",0.0029380747775872,0.00303611011876117,0,0,"other",0,"RODENTIA","unsampled"
"575","Necromys",0.0029104317579634,0.00281289301694867,0,0,"other",0,"RODENTIA","unsampled"
"576","Nectogale",0.00286466143094135,0.00293306834737701,0,0,"other",0,"EULIPOTYPHLA","unsampled"
"577","Nectomys",0.0028343658240176,0.00293052386953465,0,0,"other",0,"RODENTIA","unsampled"
"578","Nelsonia",0.00273732377624567,0.00284696842561754,0,0,"other",0,"RODENTIA","unsampled"
"579","Neodon",0.00286544456922378,0.00285311361416685,0,0,"other",0,"RODENTIA","unsampled"
"580","Neofelis",0.0027155512613099,0.00380752065216207,0,0,"other",0,"CARNIVORA","unsampled"
"581","Neofiber",0.00281307488863682,0.0028229474029064,0,0,"other",0,"RODENTIA","unsampled"
"582","Neohylomys",0.00273750692474986,0.00286339840484709,0,0,"other",0,"EULIPOTYPHLA","unsampled"
"583","Neomonachus",0.00342795206679023,0.00209689108473524,0,0,"other",0,"CARNIVORA","unsampled"
"584","Neomys",0.00280310560304333,0.002957535919151,0,0,"other",0,"EULIPOTYPHLA","unsampled"
"585","Neophoca",0.00339513491293214,0.00205911476009672,0,0,"other",0,"CARNIVORA","unsampled"
"586","Neophocaena",0.00345219455486873,0.00208565308712774,0,0,"other",0,"CETARTIODACTYLA","unsampled"
"587","Neotetracus",0.00281563029355622,0.00293490661231727,0,0,"other",0,"EULIPOTYPHLA","unsampled"
"588","Neotoma",0.00284785271758795,0.0029310709295737,0,0,"other",0,"RODENTIA","unsampled"
"589","Neotomodon",0.0028275078238904,0.00276431859788649,0,0,"other",0,"RODENTIA","unsampled"
"590","Neotomys",0.00264811218565982,0.00260594233636837,0,0,"other",0,"RODENTIA","unsampled"
"591","Neotragus",0.00275041388259559,0.00272910382580345,0,0,"other",0,"CETARTIODACTYLA","unsampled"
"592","Neovison",0.00280962229503151,0.00280456959044151,0,0,"other",0,"CARNIVORA","unsampled"
"593","Nephelomys",0.00288378477421439,0.00297416758245614,0,0,"other",0,"RODENTIA","unsampled"
"594","Nesokia",0.00286190870712708,0.002953544176297,0,0,"other",0,"RODENTIA","unsampled"
"595","Nesolagus",0.00285304465009148,0.0028639236434876,0,0,"other",0,"LAGOMORPHA","unsampled"
"596","Nesomys",0.00284491324862983,0.0028785180895601,0,0,"other",0,"RODENTIA","unsampled"
"597","Nesophontes",0.00259073390593911,0.00260967884842025,0,0,"other",0,"EULIPOTYPHLA","unsampled"
"598","Nesoromys",0.0028540654272791,0.00301249624347744,0,0,"other",0,"RODENTIA","unsampled"
"599","Nesoryzomys",0.00267808286967309,0.00269131302629745,0,0,"other",0,"RODENTIA","unsampled"
"600","Nesotragus",0.00286655179864639,0.00276760672067392,0,0,"other",0,"CETARTIODACTYLA","unsampled"
"601","Neurotrichus",0.00286772929876231,0.00281980475508826,0,0,"other",0,"EULIPOTYPHLA","unsampled"
"602","Neusticomys",0.002835077912686,0.00283079336620768,0,0,"other",0,"RODENTIA","unsampled"
"603","Nilgiritragus",0.00288319260892404,0.00276653470721582,0,0,"other",0,"CETARTIODACTYLA","unsampled"
"604","Nilopegamys",0.0026739716547396,0.00258547941231349,0,0,"other",0,"RODENTIA","unsampled"
"605","Niviventer",0.00283898184346738,0.00301497307051463,0,0,"other",0,"RODENTIA","unsampled"
"606","Nomascus",0.00254862908215055,0.00277440743727249,0,0,"other",0,"PRIMATES","unsampled"
"607","Noronhomys",0.00259613139234401,0.00267263102702073,0,0,"other",0,"RODENTIA","unsampled"
"608","Nothrotheriops",0.00259019033146555,0.00283354509960237,0,0,"other",0,"PILOSA","unsampled"
"609","Notiomys",0.00277086322848659,0.00283810025108389,0,0,"other",0,"RODENTIA","unsampled"
"610","Notiosorex",0.00294730209640775,0.00289155206807366,0,0,"other",0,"EULIPOTYPHLA","unsampled"
"611","Notocitellus",0.00280654900667713,0.00292619472657303,0,0,"other",0,"RODENTIA","unsampled"
"612","Notomys",0.00276605671190346,0.0029109208539343,0,0,"other",0,"RODENTIA","unsampled"
"613","Nyctereutes",0.00257985026541207,0.00284509951060437,0,0,"other",0,"CARNIVORA","unsampled"
"614","Nycticebus",0.00288071178785932,0.00289059793526202,0,0,"other",0,"PRIMATES","unsampled"
"615","Nyctomys",0.00284576934655968,0.00295171240466473,0,0,"other",0,"RODENTIA","unsampled"
"616","Ochotona",0.00282419060512008,0.00281430506145414,0,0,"other",0,"LAGOMORPHA","unsampled"
"617","Ochrotomys",0.00289303130276241,0.00296521584136466,0,0,"other",0,"RODENTIA","unsampled"
"618","Octodon",0.00285942955840601,0.00292218146004364,0,0,"other",0,"RODENTIA","unsampled"
"619","Octodontomys",0.00284447270167042,0.00273663667134658,0,0,"other",0,"RODENTIA","unsampled"
"620","Octomys",0.0028152752137901,0.00285830005253952,0,0,"other",0,"RODENTIA","unsampled"
"621","Odobenus",0.0026079693751479,0.00349850686199044,0,0,"other",0,"CARNIVORA","unsampled"
"622","Odocoileus",0.0028996463081297,0.00262755150482055,0,0,"other",0,"CETARTIODACTYLA","unsampled"
"623","Oecomys",0.00285293434534953,0.00292369507409355,0,0,"other",0,"RODENTIA","unsampled"
"624","Oenomys",0.00283879659630912,0.00279443187153651,0,0,"other",0,"RODENTIA","unsampled"
"625","Okapia",0.73511914951189,0.738554426706672,0,1,"other",1,"CETARTIODACTYLA","positive"
"626","Olallamys",0.00267616360637297,0.00255189995239692,0,0,"other",0,"RODENTIA","unsampled"
"627","Oligoryzomys",0.887427551582158,0.574008325150369,1,0,"other",1,"RODENTIA","positive"
"628","Ommatophoca",0.00345716807274285,0.00206182456002368,0,0,"other",0,"CARNIVORA","unsampled"
"629","Ondatra",0.00256434309487576,0.00285594725829916,0,0,"other",0,"RODENTIA","unsampled"
"630","Onychomys",0.00276937281681676,0.00287202640817351,0,0,"other",0,"RODENTIA","unsampled"
"631","Orcaella",0.00335797736032843,0.00222187416347714,0,0,"other",0,"CETARTIODACTYLA","unsampled"
"632","Orcinus",0.00386425343214745,0.00256039730767598,0,0,"other",0,"CETARTIODACTYLA","unsampled"
"633","Oreamnos",0.00276057729224426,0.00265504462267869,0,0,"other",0,"CETARTIODACTYLA","unsampled"
"634","Oreonax",0.00275294227729368,0.00285733015400155,0,0,"other",0,"PRIMATES","unsampled"
"635","Oreoryzomys",0.002851753964346,0.0029806787764428,0,0,"other",0,"RODENTIA","unsampled"
"636","Oreotragus",0.00285629717622302,0.0026245361610807,0,0,"other",0,"CETARTIODACTYLA","unsampled"
"637","Orthogeomys",0.0028543451471073,0.0028248069452344,0,0,"other",0,"RODENTIA","unsampled"
"638","Oryctolagus",0.740873769495395,0.707195140096567,1,1,"other",1,"LAGOMORPHA","positive"
"639","Oryx",0.00282376016481183,0.00269630904622731,0,0,"other",0,"CETARTIODACTYLA","unsampled"
"640","Oryzomys",0.00288201174055242,0.00297789643888236,0,0,"other",0,"RODENTIA","unsampled"
"641","Osgoodomys",0.00281880397635793,0.00301656955604197,0,0,"other",0,"RODENTIA","unsampled"
"642","Otaria",0.00314618896999788,0.00200482185475348,0,0,"other",0,"CARNIVORA","unsampled"
"643","Otocolobus",0.00300808388119238,0.00435026045036609,0,0,"other",0,"CARNIVORA","unsampled"
"644","Otocyon",0.0027533046077689,0.00272640491828305,0,0,"other",0,"CARNIVORA","unsampled"
"645","Otolemur",0.00290066965565274,0.00363196498887862,0,0,"other",0,"PRIMATES","unsampled"
"646","Otomys",0.00283729545506594,0.00276628004774088,0,0,"other",0,"RODENTIA","unsampled"
"647","Otonyctomys",0.00257930853594728,0.00262891317362028,0,0,"other",0,"RODENTIA","unsampled"
"648","Otospermophilus",0.00273125600744559,0.0028595850884124,0,0,"other",0,"RODENTIA","unsampled"
"649","Ototylomys",0.00289345419530095,0.00290731436729613,0,0,"other",0,"RODENTIA","unsampled"
"650","Ourebia",0.00287804780872524,0.00275880005028833,0,0,"other",0,"CETARTIODACTYLA","unsampled"
"651","Ovibos",0.00276976686199968,0.00267277872887516,0,0,"other",0,"CETARTIODACTYLA","unsampled"
"652","Ovis",0.00321102726552966,0.0031465641727043,0,0,"other",0,"CETARTIODACTYLA","unsampled"
"653","Oxymycterus",0.00285123049553383,0.00286550206462215,0,0,"other",0,"RODENTIA","unsampled"
"654","Ozotoceros",0.00286089747203959,0.00275767169986795,0,0,"other",0,"CETARTIODACTYLA","unsampled"
"655","Pachyuromys",0.00278134662700275,0.00291393404318779,0,0,"other",0,"RODENTIA","unsampled"
"656","Pagophilus",0.00341224979242651,0.00209672337160555,0,0,"other",0,"CARNIVORA","unsampled"
"657","Paguma",0.00289295910939109,0.00285822777288041,0,0,"other",0,"CARNIVORA","unsampled"
"658","Palaeopropithecus",0.00263379279666143,0.00251151936676474,0,0,"other",0,"PRIMATES","unsampled"
"659","Palawanomys",0.00259295021387144,0.00271013046527231,0,0,"other",0,"RODENTIA","unsampled"
"660","Pan",0.788818691842917,0.253141454840834,1,0,"other",1,"PRIMATES","positive"
"661","Panthera",0.643759757154694,0.829655743007457,0,1,"other",1,"CARNIVORA","positive"
"662","Pantholops",0.00278266805813501,0.00277079702731787,0,0,"other",0,"CETARTIODACTYLA","unsampled"
"663","Papagomys",0.0027646154436309,0.00290014561473584,0,0,"other",0,"RODENTIA","unsampled"
"664","Papio",0.00274732332180856,0.00268146441939591,0,0,"other",0,"PRIMATES","unsampled"
"665","Pappogeomys",0.00285262904608564,0.00272158145436968,0,0,"other",0,"RODENTIA","unsampled"
"666","Paracrocidura",0.00274611363914773,0.00258531198244825,0,0,"other",0,"EULIPOTYPHLA","unsampled"
"667","Paracynictis",0.00281253518033255,0.00275500533000322,0,0,"other",0,"CARNIVORA","unsampled"
"668","Paradipus",0.00274996126053363,0.00295104977164212,0,0,"other",0,"RODENTIA","unsampled"
"669","Paradoxurus",0.00291319743925095,0.00292343136152753,0,0,"other",0,"CARNIVORA","unsampled"
"670","Paraechinus",0.00280379998579721,0.00276268014540605,0,0,"other",0,"EULIPOTYPHLA","unsampled"
"671","Parahydromys",0.00288247723474187,0.00282395541897483,0,0,"other",0,"RODENTIA","unsampled"
"672","Paraleptomys",0.00264604405269736,0.00262790644674707,0,0,"other",0,"RODENTIA","unsampled"
"673","Paralomys",0.00286497134498582,0.00278505585509014,0,0,"other",0,"RODENTIA","unsampled"
"674","Paramelomys",0.00286683499165856,0.00287771115061207,0,0,"other",0,"RODENTIA","unsampled"
"675","Parascalops",0.0027345532716248,0.00279116109447311,0,0,"other",0,"EULIPOTYPHLA","unsampled"
"676","Parascaptor",0.0028954347165857,0.00281326387400986,0,0,"other",0,"EULIPOTYPHLA","unsampled"
"677","Paraxerus",0.00282596654927389,0.00291232353698289,0,0,"other",0,"RODENTIA","unsampled"
"678","Pardofelis",0.00267752026352964,0.00431655074612852,0,0,"other",0,"CARNIVORA","unsampled"
"679","Parotomys",0.00281516444057732,0.00287190670708182,0,0,"other",0,"RODENTIA","unsampled"
"680","Paruromys",0.00269705435342999,0.00283836200893322,0,0,"other",0,"RODENTIA","unsampled"
"681","Pattonomys",0.00275731390570237,0.00288233273694969,0,0,"other",0,"RODENTIA","unsampled"
"682","Paucidentomys",0.00270255965305918,0.00260581297733468,0,0,"other",0,"RODENTIA","unsampled"
"683","Paulamys",0.00277876981959468,0.00287893090639867,0,0,"other",0,"RODENTIA","unsampled"
"684","Pearsonomys",0.00279340707130275,0.00281779823561606,0,0,"other",0,"RODENTIA","unsampled"
"685","Pecari",0.00284873802123191,0.00272892991378105,0,0,"other",0,"CETARTIODACTYLA","unsampled"
"686","Pectinator",0.0028592531761546,0.00277456502885835,0,0,"other",0,"RODENTIA","unsampled"
"687","Pedetes",0.00285883951656809,0.00277416686768964,0,0,"other",0,"RODENTIA","unsampled"
"688","Pelea",0.00276285077764477,0.00275413066258377,0,0,"other",0,"CETARTIODACTYLA","unsampled"
"689","Pelomys",0.00286343796515702,0.00281503897413135,0,0,"other",0,"RODENTIA","unsampled"
"690","Pennatomys",0.00262013890884349,0.00266633820049183,0,0,"other",0,"RODENTIA","unsampled"
"691","Pentalagus",0.00285306205121566,0.00295438001985121,0,0,"other",0,"LAGOMORPHA","unsampled"
"692","Peponocephala",0.00327882094645822,0.00205923870165869,0,0,"other",0,"CETARTIODACTYLA","unsampled"
"693","Perodicticus",0.00276509469532003,0.00278117145114586,0,0,"other",0,"PRIMATES","unsampled"
"694","Perognathus",0.00281031257328386,0.00293808990100018,0,0,"other",0,"RODENTIA","unsampled"
"695","Peromyscus",0.914902335590338,0.640845975838961,1,1,"other",1,"RODENTIA","positive"
"696","Petaurillus",0.0027905694472164,0.00295821811333002,0,0,"other",0,"RODENTIA","unsampled"
"697","Petaurista",0.00288463763940126,0.00291999932134048,0,0,"other",0,"RODENTIA","unsampled"
"698","Petinomys",0.0028831614617997,0.00297694596788626,0,0,"other",0,"RODENTIA","unsampled"
"699","Petromus",0.00284956132534987,0.00288705058584733,0,0,"other",0,"RODENTIA","unsampled"
"700","Petromyscus",0.0028488918277944,0.00294342071303617,0,0,"other",0,"RODENTIA","unsampled"
"701","Phacochoerus",0.00279379544040773,0.00256009269319752,0,0,"other",0,"CETARTIODACTYLA","unsampled"
"702","Phaenomys",0.00265693920499065,0.00263922569517634,0,0,"other",0,"RODENTIA","unsampled"
"703","Phaner",0.00285500198017835,0.00359307351631581,0,0,"other",0,"PRIMATES","unsampled"
"704","Phenacomys",0.00301691647176147,0.00293060043207274,0,0,"other",0,"RODENTIA","unsampled"
"705","Philander",0.00276021336570092,0.0029793878616628,0,0,"other",0,"DIDELPHIMORPHIA","unsampled"
"706","Philantomba",0.00289406136815965,0.00274417247307575,0,0,"other",0,"CETARTIODACTYLA","unsampled"
"707","Phloeomys",0.00285608779267503,0.00286840524272926,0,0,"other",0,"RODENTIA","unsampled"
"708","Phoca",0.00338115395425516,0.00208458253296766,0,0,"other",0,"CARNIVORA","unsampled"
"709","Phocarctos",0.00318316784185453,0.00201331955241782,0,0,"other",0,"CARNIVORA","unsampled"
"710","Phocoena",0.952847275496156,0.118840582862674,1,0,"other",1,"CETARTIODACTYLA","positive"
"711","Phocoenoides",0.0033926196446811,0.00209544431099151,0,0,"other",0,"CETARTIODACTYLA","unsampled"
"712","Phodopus",0.00264246569972706,0.00294309070597324,0,0,"other",0,"RODENTIA","unsampled"
"713","Phyllomys",0.0027418989198179,0.00286085109475205,0,0,"other",0,"RODENTIA","unsampled"
"714","Phyllotis",0.00286470810217524,0.00278558159776832,0,0,"other",0,"RODENTIA","unsampled"
"715","Physeter",0.00372672034854775,0.00258874875225323,0,0,"other",0,"CETARTIODACTYLA","unsampled"
"716","Pipanacoctomys",0.0028396819445403,0.0028422821705799,0,0,"other",0,"RODENTIA","unsampled"
"717","Pithecheir",0.00286314802272186,0.00290778755480004,0,0,"other",0,"RODENTIA","unsampled"
"718","Pithecheirops",0.00262560557366788,0.00269428192169414,0,0,"other",0,"RODENTIA","unsampled"
"719","Pithecia",0.00285762791599455,0.00283229117157482,0,0,"other",0,"PRIMATES","unsampled"
"720","Plagiodontia",0.00274652665112506,0.0028184676331778,0,0,"other",0,"RODENTIA","unsampled"
"721","Platacanthomys",0.00287476412327856,0.00298580973844136,0,0,"other",0,"RODENTIA","unsampled"
"722","Platanista",0.00342659352674441,0.0021075976879765,0,0,"other",0,"CETARTIODACTYLA","unsampled"
"723","Podogymnura",0.00285178878300264,0.00280764510378335,0,0,"other",0,"EULIPOTYPHLA","unsampled"
"724","Podomys",0.00281467557623711,0.002939730157092,0,0,"other",0,"RODENTIA","unsampled"
"725","Podoxymys",0.0026596279907921,0.00266004333924094,0,0,"other",0,"RODENTIA","unsampled"
"726","Poecilogale",0.00290801172472611,0.00278047546660281,0,0,"other",0,"CARNIVORA","unsampled"
"727","Poelagus",0.00276885153200825,0.0027638680514823,0,0,"other",0,"LAGOMORPHA","unsampled"
"728","Pogonomelomys",0.00260751438261778,0.0026944164321847,0,0,"other",0,"RODENTIA","unsampled"
"729","Pogonomys",0.00282569783481179,0.00290991253562019,0,0,"other",0,"RODENTIA","unsampled"
"730","Poiana",0.00278295026638856,0.00287485964310687,0,0,"other",0,"CARNIVORA","unsampled"
"731","Poliocitellus",0.00259851125201881,0.00292445964341303,0,0,"other",0,"RODENTIA","unsampled"
"732","Pongo",0.00288896119105728,0.00270592259667069,0,0,"other",0,"PRIMATES","unsampled"
"733","Pontoporia",0.00335862262693132,0.00210607325356651,0,0,"other",0,"CETARTIODACTYLA","unsampled"
"734","Porcula",0.00272396696533774,0.00264721707430796,0,0,"other",0,"CETARTIODACTYLA","unsampled"
"735","Potamochoerus",0.00286165244547047,0.00261351169305388,0,0,"other",0,"CETARTIODACTYLA","unsampled"
"736","Potos",0.00274880338934541,0.00277704796558127,0,0,"other",0,"CARNIVORA","unsampled"
"737","Praomys",0.00281643134145797,0.00296901659036581,0,0,"other",0,"RODENTIA","unsampled"
"738","Presbytis",0.0027740011626455,0.00289667940805046,0,0,"other",0,"PRIMATES","unsampled"
"739","Prionailurus",0.719134331692506,0.735679181433352,0,1,"other",1,"CARNIVORA","positive"
"740","Prionodon",0.00284442839742456,0.00286330359660839,0,0,"other",0,"CARNIVORA","unsampled"
"741","Prionomys",0.00283426512038257,0.00287322507633327,0,0,"other",0,"RODENTIA","unsampled"
"742","Procapra",0.00313211331009425,0.0031948835125786,0,0,"other",0,"CETARTIODACTYLA","unsampled"
"743","Procyon",0.874220711622758,0.695439643522106,1,1,"other",1,"CARNIVORA","positive"
"744","Proechimys",0.00282287371215814,0.00286491007966668,0,0,"other",0,"RODENTIA","unsampled"
"745","Proedromys",0.00265418842246947,0.00258328975313653,0,0,"other",0,"RODENTIA","unsampled"
"746","Prolagus",0.0025926812600901,0.00261910270964275,0,0,"other",0,"LAGOMORPHA","unsampled"
"747","Prolemur",0.00288632264942588,0.00276585094388889,0,0,"other",0,"PRIMATES","unsampled"
"748","Prometheomys",0.00281224327651276,0.00290903970797869,0,0,"other",0,"RODENTIA","unsampled"
"749","Pronolagus",0.00285521892599007,0.0027636727078145,0,0,"other",0,"LAGOMORPHA","unsampled"
"750","Propithecus",0.00283994816292667,0.00277042350050944,0,0,"other",0,"PRIMATES","unsampled"
"751","Prosciurillus",0.00285852822946076,0.00300330038965149,0,0,"other",0,"RODENTIA","unsampled"
"752","Proteles",0.00287229238025019,0.00271433737385709,0,0,"other",0,"CARNIVORA","unsampled"
"753","Protochromys",0.00286201227546166,0.0028530737543615,0,0,"other",0,"RODENTIA","unsampled"
"754","Protoxerus",0.00282831810097657,0.00286770157097425,0,0,"other",0,"RODENTIA","unsampled"
"755","Psammomys",0.00272655915861925,0.00284663291023341,0,0,"other",0,"RODENTIA","unsampled"
"756","Pseudalopex",0.00291511978184772,0.00277312945493111,0,0,"other",0,"CARNIVORA","unsampled"
"757","Pseudohydromys",0.00286968605279119,0.00282869201559842,0,0,"other",0,"RODENTIA","unsampled"
"758","Pseudois",0.00277812800900335,0.00271815412996545,0,0,"other",0,"CETARTIODACTYLA","unsampled"
"759","Pseudomys",0.00285266053205749,0.0029827582680988,0,0,"other",0,"RODENTIA","unsampled"
"760","Pseudorca",0.00371952321823473,0.00254152464437112,0,0,"other",0,"CETARTIODACTYLA","unsampled"
"761","Pseudoryx",0.0028749315543276,0.00276503447639695,0,0,"other",0,"CETARTIODACTYLA","unsampled"
"762","Pseudoryzomys",0.00283995389195795,0.00291895893537945,0,0,"other",0,"RODENTIA","unsampled"
"763","Pteromys",0.00285726145897171,0.00300660971064582,0,0,"other",0,"RODENTIA","unsampled"
"764","Pteromyscus",0.00288733925729858,0.00288325082831461,0,0,"other",0,"RODENTIA","unsampled"
"765","Pteronura",0.00288475904842966,0.00275428007238494,0,0,"other",0,"CARNIVORA","unsampled"
"766","Pudu",0.00288061530868565,0.00272381787023359,0,0,"other",0,"CETARTIODACTYLA","unsampled"
"767","Puma",0.805572404190479,0.791656812731982,1,1,"other",1,"CARNIVORA","positive"
"768","Punomys",0.0030796782096238,0.00319777665262741,0,0,"other",0,"RODENTIA","unsampled"
"769","Pusa",0.00333295103180994,0.00210747905944228,0,0,"other",0,"CARNIVORA","unsampled"
"770","Pygathrix",0.00274213897158196,0.00273504804452958,0,0,"other",0,"PRIMATES","unsampled"
"771","Pygeretmus",0.00261747869152748,0.00290290480867719,0,0,"other",0,"RODENTIA","unsampled"
"772","Rangifer",0.00287052291546123,0.00283657321736136,0,0,"other",0,"CETARTIODACTYLA","unsampled"
"773","Raphicerus",0.00287453249185773,0.00266181824923299,0,0,"other",0,"CETARTIODACTYLA","unsampled"
"774","Rattus",0.894623444101492,0.661617259460608,1,1,"other",1,"RODENTIA","positive"
"775","Ratufa",0.00287563526726836,0.00292566555423254,0,0,"other",0,"RODENTIA","unsampled"
"776","Redunca",0.00288461359743308,0.0026236019629332,0,0,"other",0,"CETARTIODACTYLA","unsampled"
"777","Reithrodon",0.0027628035702781,0.00283695775756191,0,0,"other",0,"RODENTIA","unsampled"
"778","Reithrodontomys",0.0028608136328801,0.00300967736171802,0,0,"other",0,"RODENTIA","unsampled"
"779","Rhabdomys",0.00273466230973886,0.00300855294057112,0,0,"other",0,"RODENTIA","unsampled"
"780","Rhagomys",0.002673997754194,0.00265614573001303,0,0,"other",0,"RODENTIA","unsampled"
"781","Rheithrosciurus",0.00275781215409569,0.00286290462412862,0,0,"other",0,"RODENTIA","unsampled"
"782","Rheomys",0.00287618933276742,0.00283525444798925,0,0,"other",0,"RODENTIA","unsampled"
"783","Rhinoceros",0.00214923964586869,0.00464417141131389,0,0,"other",0,"PERISSODACTYLA","unsampled"
"784","Rhinopithecus",0.00274432925751477,0.00275564323946259,0,0,"other",0,"PRIMATES","unsampled"
"785","Rhinosciurus",0.0028475858480786,0.00291319732608152,0,0,"other",0,"RODENTIA","unsampled"
"786","Rhipidomys",0.00285701543666377,0.00300291857389414,0,0,"other",0,"RODENTIA","unsampled"
"787","Rhizomys",0.00286181178791412,0.00288842235283653,0,0,"other",0,"RODENTIA","unsampled"
"788","Rhombomys",0.564985138095812,0.727111004355123,0,1,"other",1,"RODENTIA","positive"
"789","Rhynchogale",0.0028830384242656,0.00275879079270537,0,0,"other",0,"CARNIVORA","unsampled"
"790","Rhynchomys",0.00287443440304503,0.00289490393618387,0,0,"other",0,"RODENTIA","unsampled"
"791","Romerolagus",0.00281099163846803,0.0027479091110428,0,0,"other",0,"LAGOMORPHA","unsampled"
"792","Rubrisciurus",0.00262750875783454,0.00263757235913754,0,0,"other",0,"RODENTIA","unsampled"
"793","Rucervus",0.00281232063759618,0.00269394801100196,0,0,"other",0,"CETARTIODACTYLA","unsampled"
"794","Rungwecebus",0.00252654708153765,0.00252607507191866,0,0,"other",0,"PRIMATES","unsampled"
"795","Rupicapra",0.00286568225991118,0.00266511685041104,0,0,"other",0,"CETARTIODACTYLA","unsampled"
"796","Rusa",0.00289998676429375,0.00273545175276854,0,0,"other",0,"CETARTIODACTYLA","unsampled"
"797","Ruwenzorisorex",0.00284753560008689,0.00285146103596664,0,0,"other",0,"EULIPOTYPHLA","unsampled"
"798","Saccostomus",0.00261645512013422,0.00292318281769372,0,0,"other",0,"RODENTIA","unsampled"
"799","Saguinus",0.793337826364945,0.446961386101145,1,0,"other",1,"PRIMATES","positive"
"800","Saiga",0.00286185728620524,0.00278686605858042,0,0,"other",0,"CETARTIODACTYLA","unsampled"
"801","Saimiri",0.854124420151107,0.372536076742153,1,0,"other",1,"PRIMATES","positive"
"802","Salanoia",0.0028696028751404,0.00286702835721216,0,0,"other",0,"CARNIVORA","unsampled"
"803","Salinomys",0.00265081781577077,0.00263430408483258,0,0,"other",0,"RODENTIA","unsampled"
"804","Salpingotulus",0.00285858632816442,0.00291448060927678,0,0,"other",0,"RODENTIA","unsampled"
"805","Salpingotus",0.00276645747591268,0.00289078159982016,0,0,"other",0,"RODENTIA","unsampled"
"806","Santamartamys",0.0028651410298394,0.00291316725300046,0,0,"other",0,"RODENTIA","unsampled"
"807","Sapajus",0.878590831475748,0.492652857612591,1,1,"other",1,"PRIMATES","positive"
"808","Saxatilomys",0.00261648173267264,0.00257004002218183,0,0,"other",0,"RODENTIA","unsampled"
"809","Scalopus",0.002741013155063,0.00279649939774717,0,0,"other",0,"EULIPOTYPHLA","unsampled"
"810","Scapanulus",0.0026538129800257,0.00256690981693337,0,0,"other",0,"EULIPOTYPHLA","unsampled"
"811","Scapanus",0.00286424708851342,0.00280857020174073,0,0,"other",0,"EULIPOTYPHLA","unsampled"
"812","Scapteromys",0.00273328465784608,0.00284866637262116,0,0,"other",0,"RODENTIA","unsampled"
"813","Scaptochirus",0.00276924203885006,0.00282959195508583,0,0,"other",0,"EULIPOTYPHLA","unsampled"
"814","Scaptonyx",0.00265728688311481,0.00255455701068571,0,0,"other",0,"EULIPOTYPHLA","unsampled"
"815","Sciurillus",0.00276363572062153,0.00364268423510983,0,0,"other",0,"RODENTIA","unsampled"
"816","Sciurocheirus",0.00282170491922002,0.00326787786799681,0,0,"other",0,"PRIMATES","unsampled"
"817","Sciurotamias",0.00259297451699111,0.00263500602676728,0,0,"other",0,"RODENTIA","unsampled"
"818","Sciurus",0.00288001360754973,0.00296763711018933,0,0,"other",0,"RODENTIA","unsampled"
"819","Scolomys",0.00282428576465882,0.00296013181706161,0,0,"other",0,"RODENTIA","unsampled"
"820","Scotinomys",0.00291641225206699,0.00283733018366225,0,0,"other",0,"RODENTIA","unsampled"
"821","Scutisorex",0.00284416404315743,0.00280522412242413,0,0,"other",0,"EULIPOTYPHLA","unsampled"
"822","Sekeetamys",0.00282568745792141,0.00300093052857114,0,0,"other",0,"RODENTIA","unsampled"
"823","Selevinia",0.0025706352717509,0.00285274995127162,0,0,"other",0,"RODENTIA","unsampled"
"824","Semnopithecus",0.598051522979463,0.289581579548206,0,0,"true negative",1,"PRIMATES","negative"
"825","Sicista",0.00284568247744291,0.00301623642827966,0,0,"other",0,"RODENTIA","unsampled"
"826","Sigmodon",0.00273182973457548,0.00286091985475084,0,0,"other",0,"RODENTIA","unsampled"
"827","Sigmodontomys",0.00262289513136994,0.00259206106114309,0,0,"other",0,"RODENTIA","unsampled"
"828","Simias",0.00257150982652094,0.00274604660313347,0,0,"other",0,"PRIMATES","unsampled"
"829","Smilodon",0.00255750862432258,0.00349876066565822,0,0,"other",0,"CARNIVORA","unsampled"
"830","Solenodon",0.00275123498862684,0.00290075345971806,0,0,"other",0,"EULIPOTYPHLA","unsampled"
"831","Solisorex",0.00266973221319249,0.00265194041035956,0,0,"other",0,"EULIPOTYPHLA","unsampled"
"832","Solomys",0.00284325039490146,0.00357038954330778,0,0,"other",0,"RODENTIA","unsampled"
"833","Sommeromys",0.00268520381282979,0.00261778560291251,0,0,"other",0,"RODENTIA","unsampled"
"834","Sooretamys",0.721407631463861,0.554569474562813,0,0,"true negative",1,"RODENTIA","negative"
"835","Sorex",0.590841886030102,0.377505595983589,0,0,"true negative",1,"EULIPOTYPHLA","negative"
"836","Soricomys",0.00266864154896137,0.00263773351567726,0,0,"other",0,"RODENTIA","unsampled"
"837","Soriculus",0.00274131032880182,0.00273005457023183,0,0,"other",0,"EULIPOTYPHLA","unsampled"
"838","Sotalia",0.934039690107091,0.0868261566594416,1,0,"other",1,"CETARTIODACTYLA","positive"
"839","Sousa",0.0033405719691593,0.00207346110154208,0,0,"other",0,"CETARTIODACTYLA","unsampled"
"840","Spalacopus",0.00284585183757531,0.00270924047084207,0,0,"other",0,"RODENTIA","unsampled"
"841","Spalax",0.00272158376880935,0.00282200423124936,0,0,"other",0,"RODENTIA","unsampled"
"842","Speothos",0.630502171790156,0.476473467820965,0,0,"true negative",1,"CARNIVORA","negative"
"843","Spermophilopsis",0.00279433868184918,0.00299709526104349,0,0,"other",0,"RODENTIA","unsampled"
"844","Spermophilus",0.558372657028045,0.638953982358634,0,1,"other",1,"RODENTIA","positive"
"845","Spilogale",0.00272383440755766,0.00286068964431639,0,0,"other",0,"CARNIVORA","unsampled"
"846","Srilankamys",0.0026452599002991,0.00271806995717453,0,0,"other",0,"RODENTIA","unsampled"
"847","Steatomys",0.00278824600471626,0.00300523620580052,0,0,"other",0,"RODENTIA","unsampled"
"848","Stenella",0.933968534431255,0.0583979420465782,1,0,"other",1,"CETARTIODACTYLA","positive"
"849","Steno",0.931613565058119,0.0678073588771395,1,0,"other",1,"CETARTIODACTYLA","positive"
"850","Stenocephalemys",0.00282126225978761,0.00276910167338986,0,0,"other",0,"RODENTIA","unsampled"
"851","Stochomys",0.00265911289700595,0.00281486603184875,0,0,"other",0,"RODENTIA","unsampled"
"852","Stylodipus",0.00274786648532562,0.00288561365278101,0,0,"other",0,"RODENTIA","unsampled"
"853","Suncus",0.00291323237516018,0.00274576111330856,0,0,"other",0,"EULIPOTYPHLA","unsampled"
"854","Sundamys",0.00284957986158702,0.00292010991360127,0,0,"other",0,"RODENTIA","unsampled"
"855","Sundasciurus",0.00282401686081954,0.00289297115852861,0,0,"other",0,"RODENTIA","unsampled"
"856","Surdisorex",0.00282889115477875,0.00271946020951448,0,0,"other",0,"EULIPOTYPHLA","unsampled"
"857","Suricata",0.00277202003560483,0.00267446320764866,0,0,"other",0,"CARNIVORA","unsampled"
"858","Sus",0.545144417267985,0.476075928922773,0,0,"true negative",1,"CETARTIODACTYLA","negative"
"859","Sylvicapra",0.00313163377403554,0.00307895600378155,0,0,"other",0,"CETARTIODACTYLA","unsampled"
"860","Sylvilagus",0.0028427975329616,0.00288559266822348,0,0,"other",0,"LAGOMORPHA","unsampled"
"861","Sylvisorex",0.0028242814824036,0.00268692357618319,0,0,"other",0,"EULIPOTYPHLA","unsampled"
"862","Symphalangus",0.0025906392266525,0.00281980018186782,0,0,"other",0,"PRIMATES","unsampled"
"863","Synaptomys",0.00285176308923296,0.00285692795400895,0,0,"other",0,"RODENTIA","unsampled"
"864","Syncerus",0.00285620702239089,0.00289135169352584,0,0,"other",0,"CETARTIODACTYLA","unsampled"
"865","Syntheosciurus",0.00269569590064209,0.00354172552185332,0,0,"other",0,"RODENTIA","unsampled"
"866","Tachyoryctes",0.00281532793224858,0.00268940793078431,0,0,"other",0,"RODENTIA","unsampled"
"867","Taeromys",0.00286966664594829,0.00294370328186445,0,0,"other",0,"RODENTIA","unsampled"
"868","Talpa",0.00282818644227882,0.00287447792212093,0,0,"other",0,"EULIPOTYPHLA","unsampled"
"869","Tamandua",0.0028030142548535,0.00278742623947843,0,0,"other",0,"PILOSA","unsampled"
"870","Tamias",0.00272377845839101,0.00288538045707881,0,0,"other",0,"RODENTIA","unsampled"
"871","Tamiasciurus",0.00270126402481922,0.0029716793949047,0,0,"other",0,"RODENTIA","unsampled"
"872","Tamiops",0.00285358229796807,0.00297639196953276,0,0,"other",0,"RODENTIA","unsampled"
"873","Tapecomys",0.00263322096653134,0.00263062111482239,0,0,"other",0,"RODENTIA","unsampled"
"874","Tapirus",0.881302408911503,0.549291794958526,1,0,"other",1,"PERISSODACTYLA","positive"
"875","Tarsius",0.00283067743618893,0.00287966536949188,0,0,"other",0,"PRIMATES","unsampled"
"876","Tarsomys",0.00284843732004555,0.00285266435503051,0,0,"other",0,"RODENTIA","unsampled"
"877","Tasmacetus",0.00328459896681723,0.00204246502795978,0,0,"other",0,"CETARTIODACTYLA","unsampled"
"878","Tateomys",0.002882838896999,0.00286951654899199,0,0,"other",0,"RODENTIA","unsampled"
"879","Tatera",0.00265996423214827,0.00294272847038195,0,0,"other",0,"RODENTIA","unsampled"
"880","Taterillus",0.00273736530825795,0.00285113270672375,0,0,"other",0,"RODENTIA","unsampled"
"881","Taxidea",0.00285059127999966,0.00273831538897762,0,0,"other",0,"CARNIVORA","unsampled"
"882","Tayassu",0.00281315746230087,0.00277008700228149,0,0,"other",0,"CETARTIODACTYLA","unsampled"
"883","Tetracerus",0.00275077735918834,0.00274945599379169,0,0,"other",0,"CETARTIODACTYLA","unsampled"
"884","Thallomys",0.00272106522356555,0.00282348669369522,0,0,"other",0,"RODENTIA","unsampled"
"885","Thalpomys",0.00262565073449458,0.00260015735209449,0,0,"other",0,"RODENTIA","unsampled"
"886","Thamnomys",0.00284102767648013,0.00285106261411834,0,0,"other",0,"RODENTIA","unsampled"
"887","Thaptomys",0.002578076217246,0.00255362926559389,0,0,"other",0,"RODENTIA","unsampled"
"888","Theropithecus",0.00264454208511741,0.00261854880151659,0,0,"other",0,"PRIMATES","unsampled"
"889","Thomasomys",0.00260305939934924,0.00258671639734539,0,0,"other",0,"RODENTIA","unsampled"
"890","Thomomys",0.00272848867719064,0.00284806762995132,0,0,"other",0,"RODENTIA","unsampled"
"891","Thrichomys",0.00282431122257749,0.00291553171050049,0,0,"other",0,"RODENTIA","unsampled"
"892","Thryonomys",0.00283370074271458,0.00277602150530259,0,0,"other",0,"RODENTIA","unsampled"
"893","Thylamys",0.00260636174952528,0.00295523736378627,0,0,"other",0,"DIDELPHIMORPHIA","unsampled"
"894","Tlacuatzin",0.00262940210332267,0.00300261368152743,0,0,"other",0,"DIDELPHIMORPHIA","unsampled"
"895","Tokudaia",0.00263432671126175,0.00271096546055741,0,0,"other",0,"RODENTIA","unsampled"
"896","Tonkinomys",0.00261697236343538,0.00256763586684624,0,0,"other",0,"RODENTIA","unsampled"
"897","Toromys",0.00269750410942142,0.00283647226154508,0,0,"other",0,"RODENTIA","unsampled"
"898","Trachypithecus",0.749929192770898,0.26219784145813,0,0,"true negative",1,"PRIMATES","negative"
"899","Tragelaphus",0.00278123801974414,0.00258594251254618,0,0,"other",0,"CETARTIODACTYLA","unsampled"
"900","Tragulus",0.0028283319926845,0.00286681406725439,0,0,"other",0,"CETARTIODACTYLA","unsampled"
"901","Transandinomys",0.00284795852128689,0.00298370156162775,0,0,"other",0,"RODENTIA","unsampled"
"902","Tremarctos",0.00277326578001896,0.00277733263737657,0,0,"other",0,"CARNIVORA","unsampled"
"903","Trichys",0.00271124009279942,0.00283687780278611,0,0,"other",0,"RODENTIA","unsampled"
"904","Trinomys",0.00280795044903048,0.00287310870938287,0,0,"other",0,"RODENTIA","unsampled"
"905","Trogopterus",0.00290175263503052,0.00293709129996163,0,0,"other",0,"RODENTIA","unsampled"
"906","Tryphomys",0.00265297504839901,0.00266981814469236,0,0,"other",0,"RODENTIA","unsampled"
"907","Tscherskia",0.00271838399348648,0.00293065992954301,0,0,"other",0,"RODENTIA","unsampled"
"908","Tursiops",0.934851108013737,0.0682493721557292,1,0,"other",1,"CETARTIODACTYLA","positive"
"909","Tylomys",0.00283269945504507,0.0029311364626889,0,0,"other",0,"RODENTIA","unsampled"
"910","Tympanoctomys",0.00282210537326773,0.00283811728427826,0,0,"other",0,"RODENTIA","unsampled"
"911","Typhlomys",0.00265309205211703,0.00267357172760168,0,0,"other",0,"RODENTIA","unsampled"
"912","Uranomys",0.00273645637335616,0.00281876437729792,0,0,"other",0,"RODENTIA","unsampled"
"913","Urocitellus",0.00264573242281924,0.0030435913302146,0,0,"other",0,"RODENTIA","unsampled"
"914","Urocyon",0.00277302653150945,0.00277533473927927,0,0,"other",0,"CARNIVORA","unsampled"
"915","Uromys",0.00283335000739351,0.00297858204595702,0,0,"other",0,"RODENTIA","unsampled"
"916","Uropsilus",0.00281529086395522,0.00278622841598406,0,0,"other",0,"EULIPOTYPHLA","unsampled"
"917","Urotrichus",0.00283516087329625,0.00285476127345772,0,0,"other",0,"EULIPOTYPHLA","unsampled"
"918","Ursus",0.00285254086860826,0.00259270201081401,0,0,"other",0,"CARNIVORA","unsampled"
"919","Vandeleuria",0.00284236480578843,0.00292784327082363,0,0,"other",0,"RODENTIA","unsampled"
"920","Varecia",0.00274018756379506,0.00276169818022674,0,0,"other",0,"PRIMATES","unsampled"
"921","Vernaya",0.00264986946017949,0.0027204279766183,0,0,"other",0,"RODENTIA","unsampled"
"922","Vicugna",0.881397088138194,0.457989890235981,1,0,"other",1,"CETARTIODACTYLA","positive"
"923","Viverra",0.00286198089137413,0.00275889323128699,0,0,"other",0,"CARNIVORA","unsampled"
"924","Viverricula",0.00282595617641747,0.00272846845005205,0,0,"other",0,"CARNIVORA","unsampled"
"925","Voalavo",0.00263942032492955,0.00263664197050982,0,0,"other",0,"RODENTIA","unsampled"
"926","Volemys",0.00265926509746956,0.00259257623246841,0,0,"other",0,"RODENTIA","unsampled"
"927","Vormela",0.00272493735801357,0.00281360365822,0,0,"other",0,"CARNIVORA","unsampled"
"928","Vulpes",0.817401717794179,0.563295186837679,1,1,"other",1,"CARNIVORA","positive"
"929","Waiomys",0.00297367427978366,0.00209685393297587,0,0,"other",0,"RODENTIA","unsampled"
"930","Wiedomys",0.0027317241827481,0.00290788341485343,0,0,"other",0,"RODENTIA","unsampled"
"931","Wilfredomys",0.00272315078120433,0.00286507106956407,0,0,"other",0,"RODENTIA","unsampled"
"932","Xenomys",0.00262341876667918,0.00264112428782225,0,0,"other",0,"RODENTIA","unsampled"
"933","Xenothrix",0.00264046804299174,0.00256561236944116,0,0,"other",0,"PRIMATES","unsampled"
"934","Xenuromys",0.00285857016175914,0.00295610470990276,0,0,"other",0,"RODENTIA","unsampled"
"935","Xeromys",0.00275056508852638,0.00285655293623561,0,0,"other",0,"RODENTIA","unsampled"
"936","Xerospermophilus",0.00266269539580937,0.00299196722444821,0,0,"other",0,"RODENTIA","unsampled"
"937","Xerus",0.00286230290006703,0.0028323155342278,0,0,"other",0,"RODENTIA","unsampled"
"938","Zalophus",0.00318138316903524,0.00200243606547199,0,0,"other",0,"CARNIVORA","unsampled"
"939","Zapus",0.0026295734482503,0.00287687530743361,0,0,"other",0,"RODENTIA","unsampled"
"940","Zelotomys",0.00268792638636595,0.00288000947920419,0,0,"other",0,"RODENTIA","unsampled"
"941","Zenkerella",0.00273682052408888,0.00280411043682857,0,0,"other",0,"RODENTIA","unsampled"
"942","Ziphius",0.00370936823432489,0.00206508725776172,0,0,"other",0,"CETARTIODACTYLA","unsampled"
"943","Zygodontomys",0.00318255811900267,0.00295665401304855,0,0,"other",0,"RODENTIA","unsampled"
"944","Zygogeomys",0.0027449165435339,0.00285898588965717,0,0,"other",0,"RODENTIA","unsampled"
"945","Zyzomys",0.00280612277114544,0.00287587178403503,0,0,"other",0,"RODENTIA","unsampled"
