"","treename","pred_pcr","pred_comp","PCR","competence","type","studies","ord","cat"
"1","Abditomys",0.145249500536008,0.107858430494351,0,0,"other",0,"RODENTIA","unsampled"
"2","Abeomelomys",0.203648447516164,0.160278016713755,0,0,"other",0,"RODENTIA","unsampled"
"3","Abrawayaomys",0.0990369688155157,0.0973835325299087,0,0,"other",0,"RODENTIA","unsampled"
"4","Abrocoma",0.18908240739281,0.129235317404866,0,0,"other",0,"RODENTIA","unsampled"
"5","Abrothrix",0.280134874403705,0.236758809849179,0,0,"other",0,"RODENTIA","unsampled"
"6","Acinonyx",0.657460530549855,0.652624401093812,1,1,"other",13,"CARNIVORA","positive"
"7","Acomys",0.180570960891157,0.128521233498654,0,0,"other",0,"RODENTIA","unsampled"
"8","Aconaemys",0.185015577419954,0.0949343019580001,0,0,"other",0,"RODENTIA","unsampled"
"9","Addax",0.170503474518862,0.098224958524309,0,0,"other",0,"CETARTIODACTYLA","unsampled"
"10","Aegialomys",0.333315197739717,0.242543180188249,0,0,"other",0,"RODENTIA","unsampled"
"11","Aepeomys",0.185053000410455,0.108059592605656,0,0,"other",0,"RODENTIA","unsampled"
"12","Aepyceros",0.19663720839968,0.110011388124285,0,0,"other",0,"CETARTIODACTYLA","unsampled"
"13","Aeretes",0.182236584132929,0.133224906412194,0,0,"other",0,"RODENTIA","unsampled"
"14","Aeromys",0.229661811713306,0.186189314234766,0,0,"other",0,"RODENTIA","unsampled"
"15","Aethomys",0.137555599654739,0.140956984547729,0,0,"other",0,"RODENTIA","unsampled"
"16","Ailuropoda",0.270463489306582,0.154832601044962,0,0,"other",0,"CARNIVORA","unsampled"
"17","Ailurus",0.27809241044931,0.20408337520956,1,1,"other",3,"CARNIVORA","positive"
"18","Akodon",0.286673323052723,0.160889541592285,0,0,"other",0,"RODENTIA","unsampled"
"19","Alcelaphus",0.14549884339239,0.0755796604558478,0,0,"other",0,"CETARTIODACTYLA","unsampled"
"20","Alces",0.272528497860962,0.265538207195513,0,0,"other",0,"CETARTIODACTYLA","unsampled"
"21","Allactaga",0.23568517740812,0.263240154137985,0,0,"other",0,"RODENTIA","unsampled"
"22","Allactodipus",0.124242557636143,0.162794564322744,0,0,"other",0,"RODENTIA","unsampled"
"23","Allenopithecus",0.216297080237159,0.0860365803960363,0,0,"other",0,"PRIMATES","unsampled"
"24","Allocebus",0.132753750960691,0.0898763085833987,0,0,"other",0,"PRIMATES","unsampled"
"25","Allocricetulus",0.123148032625577,0.137499936426104,0,0,"other",0,"RODENTIA","unsampled"
"26","Alouatta",0.433145531579021,0.253745758510877,1,1,"other",6,"PRIMATES","positive"
"27","Alticola",0.37779280242656,0.244468588693007,0,0,"other",0,"RODENTIA","unsampled"
"28","Ammodillus",0.114908498736375,0.0948959499319652,0,0,"other",0,"RODENTIA","unsampled"
"29","Ammodorcas",0.205651579908665,0.089091425100838,0,0,"other",0,"CETARTIODACTYLA","unsampled"
"30","Ammospermophilus",0.252247499118005,0.262883668395466,0,0,"other",0,"RODENTIA","unsampled"
"31","Ammotragus",0.198946932747641,0.0712088533797837,0,0,"other",0,"CETARTIODACTYLA","unsampled"
"32","Amphinectomys",0.234031306495328,0.210065651556124,0,0,"other",0,"RODENTIA","unsampled"
"33","Andalgalomys",0.240793728155769,0.185810444756955,0,0,"other",0,"RODENTIA","unsampled"
"34","Andinomys",0.196314997028163,0.132809521174225,0,0,"other",0,"RODENTIA","unsampled"
"35","Anisomys",0.205353089274083,0.148766845926163,0,0,"other",0,"RODENTIA","unsampled"
"36","Anomalurus",0.113259487705278,0.0743810576309981,0,0,"other",0,"RODENTIA","unsampled"
"37","Anonymomys",0.176506763560853,0.128963479705299,0,0,"other",0,"RODENTIA","unsampled"
"38","Anotomys",0.236404572248743,0.0680242447764977,0,0,"other",0,"RODENTIA","unsampled"
"39","Anourosorex",0.298175767204497,0.148207522675124,0,0,"other",0,"EULIPOTYPHLA","unsampled"
"40","Antidorcas",0.198687998676883,0.0808397848334279,0,0,"other",0,"CETARTIODACTYLA","unsampled"
"41","Antilocapra",0.167359117886997,0.070719037665594,0,0,"other",0,"CETARTIODACTYLA","unsampled"
"42","Antilope",0.201737917440462,0.0964725578814869,0,0,"other",0,"CETARTIODACTYLA","unsampled"
"43","Aonyx",0.31588418750552,0.217893250718781,0,0,"other",0,"CARNIVORA","unsampled"
"44","Aotus",0.285687502566758,0.206582463002659,0,0,"other",0,"PRIMATES","unsampled"
"45","Aplodontia",0.144208058826619,0.0866971398245487,0,0,"other",0,"RODENTIA","unsampled"
"46","Apodemus",0.453318052401124,0.507927009217623,1,1,"other",32,"RODENTIA","positive"
"47","Apomys",0.234398074626712,0.211802920291954,0,0,"other",0,"RODENTIA","unsampled"
"48","Arabitragus",0.243704045190935,0.110373296371391,0,0,"other",0,"CETARTIODACTYLA","unsampled"
"49","Arborimus",0.258697741864065,0.168668675512019,0,0,"other",0,"RODENTIA","unsampled"
"50","Archaeolemur",0.19515552116075,0.0985684797115449,0,0,"other",0,"PRIMATES","unsampled"
"51","Archboldomys",0.247452182345402,0.157259329772532,0,0,"other",0,"RODENTIA","unsampled"
"52","Arctictis",0.297097456720499,0.153590293639974,0,0,"other",0,"CARNIVORA","unsampled"
"53","Arctocebus",0.112803386969762,0.0790982997554152,0,0,"other",0,"PRIMATES","unsampled"
"54","Arctocephalus",0.251369521294923,0.0426230516377999,0,0,"other",0,"CARNIVORA","unsampled"
"55","Arctodus",0.268850008268743,0.171953690323518,0,0,"other",0,"CARNIVORA","unsampled"
"56","Arctogalidia",0.273958311851537,0.236812484611909,0,0,"other",0,"CARNIVORA","unsampled"
"57","Arctonyx",0.243274539664095,0.100927149736254,0,0,"other",0,"CARNIVORA","unsampled"
"58","Arvicanthis",0.195167996252175,0.132322456794614,0,0,"other",0,"RODENTIA","unsampled"
"59","Arvicola",0.206205326240028,0.205464874293514,0,0,"other",0,"RODENTIA","unsampled"
"60","Atelerix",0.177737999280198,0.17962942666509,0,0,"other",0,"EULIPOTYPHLA","unsampled"
"61","Ateles",0.35384421863659,0.14891616948464,0,0,"other",0,"PRIMATES","unsampled"
"62","Atelocynus",0.280958997006235,0.159789537629104,0,0,"other",0,"CARNIVORA","unsampled"
"63","Atherurus",0.170200218511612,0.116097675709229,0,0,"other",0,"RODENTIA","unsampled"
"64","Atilax",0.227270284422851,0.111203473755405,0,0,"other",0,"CARNIVORA","unsampled"
"65","Atlantoxerus",0.107116219852896,0.081385132985594,0,0,"other",0,"RODENTIA","unsampled"
"66","Auliscomys",0.337557221435042,0.226868440160049,0,0,"other",0,"RODENTIA","unsampled"
"67","Avahi",0.186879440379882,0.116396132291656,0,0,"other",0,"PRIMATES","unsampled"
"68","Axis",0.204872470195602,0.10308623632522,0,0,"other",0,"CETARTIODACTYLA","unsampled"
"69","Babyrousa",0.168927249053749,0.10158328799349,0,0,"other",0,"CETARTIODACTYLA","unsampled"
"70","Baiomys",0.359785726153608,0.146757085092109,0,0,"other",0,"RODENTIA","unsampled"
"71","Baiyankamys",0.204670784720946,0.101883725200805,0,0,"other",0,"RODENTIA","unsampled"
"72","Balaena",0.515614480973164,0.0324288352246302,1,0,"other",1,"CETARTIODACTYLA","positive"
"73","Balaenoptera",0.372524921145794,0.0343227035859412,0,0,"other",0,"CETARTIODACTYLA","unsampled"
"74","Bandicota",0.246722207850341,0.198449980314803,0,0,"other",0,"RODENTIA","unsampled"
"75","Bassaricyon",0.226010576639869,0.144933504694601,0,0,"other",0,"CARNIVORA","unsampled"
"76","Bassariscus",0.197927222898254,0.119502648406583,0,0,"other",0,"CARNIVORA","unsampled"
"77","Bathyergus",0.119441903618668,0.0832922274454816,0,0,"other",0,"RODENTIA","unsampled"
"78","Batomys",0.208526088224389,0.209095762475539,0,0,"other",0,"RODENTIA","unsampled"
"79","Bdeogale",0.304104676734234,0.103972813814341,0,0,"other",0,"CARNIVORA","unsampled"
"80","Beamys",0.264111642554311,0.186323772577909,0,0,"other",0,"RODENTIA","unsampled"
"81","Beatragus",0.17322502593984,0.0709416821125891,0,0,"other",0,"CETARTIODACTYLA","unsampled"
"82","Belomys",0.213990297838414,0.171531149311872,0,0,"other",0,"RODENTIA","unsampled"
"83","Berardius",0.360734159182625,0.0319479783275198,0,0,"other",0,"CETARTIODACTYLA","unsampled"
"84","Berylmys",0.262611886601689,0.264952588707639,0,0,"other",0,"RODENTIA","unsampled"
"85","Bibimys",0.208014579869172,0.174506188908183,0,0,"other",0,"RODENTIA","unsampled"
"86","Bison",0.418237864719776,0.31527459826759,0,0,"other",0,"CETARTIODACTYLA","unsampled"
"87","Biswamoyopterus",0.338847864431434,0.261216708110635,0,0,"other",0,"RODENTIA","unsampled"
"88","Blanfordimys",0.132200151946284,0.111040461801096,0,0,"other",0,"RODENTIA","unsampled"
"89","Blarina",0.171089530047976,0.122534423452812,0,0,"other",0,"EULIPOTYPHLA","unsampled"
"90","Blarinella",0.280252926003249,0.175246102711125,0,0,"other",0,"EULIPOTYPHLA","unsampled"
"91","Blarinomys",0.129184609347079,0.0815189000036346,0,0,"other",0,"RODENTIA","unsampled"
"92","Blastocerus",0.219209878383025,0.132274275912476,0,0,"other",0,"CETARTIODACTYLA","unsampled"
"93","Boromys",0.118730726776467,0.0760980166512743,0,0,"other",0,"RODENTIA","unsampled"
"94","Bos",0.527340690609884,0.517519455668133,1,1,"other",82,"CETARTIODACTYLA","positive"
"95","Boselaphus",0.152872238307328,0.0741674620766112,0,0,"other",0,"CETARTIODACTYLA","unsampled"
"96","Brachiones",0.171342071111179,0.175110348568546,0,0,"other",0,"RODENTIA","unsampled"
"97","Brachylagus",0.172321892151097,0.16172633390995,0,0,"other",0,"LAGOMORPHA","unsampled"
"98","Brachytarsomys",0.186492481595727,0.122865198471689,0,0,"other",0,"RODENTIA","unsampled"
"99","Brachyteles",0.260016968215238,0.117406521102503,0,0,"other",0,"PRIMATES","unsampled"
"100","Brachyuromys",0.168501399801535,0.100844230358764,0,0,"other",0,"RODENTIA","unsampled"
"101","Bradypus",0.244257117234134,0.142412322373652,0,0,"other",0,"PILOSA","unsampled"
"102","Brotomys",0.14941452513719,0.0754691638894596,0,0,"other",0,"RODENTIA","unsampled"
"103","Brucepattersonius",0.266070573458207,0.181095643985132,0,0,"other",0,"RODENTIA","unsampled"
"104","Bubalus",0.471361645596147,0.335840091096409,1,1,"other",45,"CETARTIODACTYLA","positive"
"105","Budorcas",0.287321686488172,0.153085966819028,0,0,"other",0,"CETARTIODACTYLA","unsampled"
"106","Bullimus",0.201694907579872,0.169060798429644,0,0,"other",0,"RODENTIA","unsampled"
"107","Bunolagus",0.102421651169681,0.0700671571847802,0,0,"other",0,"LAGOMORPHA","unsampled"
"108","Bunomys",0.280025056591523,0.173292493839935,0,0,"other",0,"RODENTIA","unsampled"
"109","Cacajao",0.261986448500786,0.0968740527997138,0,0,"other",0,"PRIMATES","unsampled"
"110","Calassomys",0.200134730397953,0.216318907649601,0,0,"other",0,"RODENTIA","unsampled"
"111","Callibella",0.186276523365651,0.156121767879288,0,0,"other",0,"PRIMATES","unsampled"
"112","Callicebus",0.166125073326302,0.130351352041954,0,0,"other",0,"PRIMATES","unsampled"
"113","Callimico",0.194837173405028,0.111735337128459,0,0,"other",0,"PRIMATES","unsampled"
"114","Callistomys",0.108714905401285,0.0789000045919457,0,0,"other",0,"RODENTIA","unsampled"
"115","Callithrix",0.408263835662904,0.371636418450873,1,1,"other",13,"PRIMATES","positive"
"116","Callorhinus",0.147087826621341,0.0340888527374619,0,0,"other",0,"CARNIVORA","unsampled"
"117","Callosciurus",0.328007689660337,0.283311263694633,0,0,"other",0,"RODENTIA","unsampled"
"118","Callospermophilus",0.343229098756316,0.238863758710659,0,0,"other",0,"RODENTIA","unsampled"
"119","Calomys",0.333469051506819,0.169760813765021,0,0,"other",0,"RODENTIA","unsampled"
"120","Calomyscus",0.318458075593522,0.242630968162705,0,0,"other",0,"RODENTIA","unsampled"
"121","Caluromys",0.244432202227688,0.239622412409609,0,0,"other",0,"DIDELPHIMORPHIA","unsampled"
"122","Caluromysiops",0.193213981288732,0.255190069059566,0,0,"other",0,"DIDELPHIMORPHIA","unsampled"
"123","Camelus",0.465013350978076,0.519326513791652,1,1,"other",122,"CETARTIODACTYLA","positive"
"124","Canis",0.503590389402303,0.225348399943355,1,0,"other",5,"CARNIVORA","positive"
"125","Cannomys",0.142231053980195,0.111385335156206,0,0,"other",0,"RODENTIA","unsampled"
"126","Cansumys",0.200626186377205,0.172215912972699,0,0,"other",0,"RODENTIA","unsampled"
"127","Caperea",0.343043421852232,0.318955395783159,0,0,"other",0,"CETARTIODACTYLA","unsampled"
"128","Capra",0.3611564844782,0.078211538091942,1,0,"other",2,"CETARTIODACTYLA","positive"
"129","Capreolus",0.209621253140889,0.0898935869876885,0,0,"other",0,"CETARTIODACTYLA","unsampled"
"130","Capricornis",0.268160383653341,0.106514728734532,0,0,"other",0,"CETARTIODACTYLA","unsampled"
"131","Caprolagus",0.188296787533188,0.151626701945693,0,0,"other",0,"LAGOMORPHA","unsampled"
"132","Capromys",0.217397049409893,0.117999546101227,0,0,"other",0,"RODENTIA","unsampled"
"133","Caracal",0.371564130901747,0.372624903817705,0,0,"other",0,"CARNIVORA","unsampled"
"134","Cardiocranius",0.221665626636213,0.181994899712882,0,0,"other",0,"RODENTIA","unsampled"
"135","Carpomys",0.188154229245268,0.125996506210372,0,0,"other",0,"RODENTIA","unsampled"
"136","Carterodon",0.159704591421913,0.139324808466493,0,0,"other",0,"RODENTIA","unsampled"
"137","Caryomys",0.28400400366023,0.177765254101839,0,0,"other",0,"RODENTIA","unsampled"
"138","Castor",0.296839037336585,0.222147234456955,1,1,"other",3,"RODENTIA","positive"
"139","Catagonus",0.14475459136427,0.106398897602227,0,0,"other",0,"CETARTIODACTYLA","unsampled"
"140","Catopuma",0.442938372208424,0.472767947131722,0,0,"other",0,"CARNIVORA","unsampled"
"141","Cavia",0.204292363163315,0.0997377493733504,0,0,"other",0,"RODENTIA","unsampled"
"142","Cebuella",0.214006118712251,0.221839892283019,0,0,"other",0,"PRIMATES","unsampled"
"143","Cebus",0.338280090088907,0.178881578766636,0,0,"other",0,"PRIMATES","unsampled"
"144","Cephalophus",0.200910124547024,0.0955918147801435,0,0,"other",0,"CETARTIODACTYLA","unsampled"
"145","Cephalorhynchus",0.397635036777551,0.0380810680222151,0,0,"other",0,"CETARTIODACTYLA","unsampled"
"146","Ceratotherium",0.410848279903621,0.683689528006501,0,1,"other",2,"PERISSODACTYLA","positive"
"147","Cercocebus",0.437621012454933,0.143775270354852,0,0,"other",0,"PRIMATES","unsampled"
"148","Cercopithecus",0.486837608603374,0.141975878526153,1,0,"other",1,"PRIMATES","positive"
"149","Cerdocyon",0.314150628576333,0.118779503406172,0,0,"other",0,"CARNIVORA","unsampled"
"150","Cerradomys",0.247926784190815,0.265068355194068,0,0,"other",0,"RODENTIA","unsampled"
"151","Cervus",0.359812341033777,0.181979459099548,0,0,"other",0,"CETARTIODACTYLA","unsampled"
"152","Chacodelphys",0.191695865862798,0.156185066357172,0,0,"other",0,"DIDELPHIMORPHIA","unsampled"
"153","Chaetocauda",0.167191037102191,0.162206652137297,0,0,"other",0,"RODENTIA","unsampled"
"154","Chaetodipus",0.289020838120633,0.186991734851974,0,0,"other",0,"RODENTIA","unsampled"
"155","Chaetomys",0.140656707269438,0.110174654347943,0,0,"other",0,"RODENTIA","unsampled"
"156","Cheirogaleus",0.173321622652469,0.105898572566408,0,0,"other",0,"PRIMATES","unsampled"
"157","Chelemys",0.133872676612923,0.0971959946112739,0,0,"other",0,"RODENTIA","unsampled"
"158","Chibchanomys",0.164170011373513,0.0732511122503099,0,0,"other",0,"RODENTIA","unsampled"
"159","Chilomys",0.332425884794022,0.137171314309462,0,0,"other",0,"RODENTIA","unsampled"
"160","Chimarrogale",0.310666786845674,0.234694392913254,0,0,"other",0,"EULIPOTYPHLA","unsampled"
"161","Chinchilla",0.15360872003444,0.0924085832930978,0,0,"other",0,"RODENTIA","unsampled"
"162","Chinchillula",0.246480083480695,0.170891692893412,0,0,"other",0,"RODENTIA","unsampled"
"163","Chionomys",0.170158493027753,0.147059793708367,0,0,"other",0,"RODENTIA","unsampled"
"164","Chiromyscus",0.16904465422532,0.193477299191132,0,0,"other",0,"RODENTIA","unsampled"
"165","Chironectes",0.225207587438921,0.228489321696085,0,0,"other",0,"DIDELPHIMORPHIA","unsampled"
"166","Chiropodomys",0.28623943042982,0.226470031484267,0,0,"other",0,"RODENTIA","unsampled"
"167","Chiropotes",0.268903840440961,0.160839660337851,0,0,"other",0,"PRIMATES","unsampled"
"168","Chiruromys",0.194775437016378,0.159797516429954,0,0,"other",0,"RODENTIA","unsampled"
"169","Chlorocebus",0.532209030251409,0.15459855783155,1,0,"other",1,"PRIMATES","positive"
"170","Chodsigoa",0.486129480585753,0.248749329308071,0,0,"other",0,"EULIPOTYPHLA","unsampled"
"171","Choeropsis",0.256944059689827,0.141852480418889,0,0,"other",0,"CETARTIODACTYLA","unsampled"
"172","Choloepus",0.377736649112237,0.170477783569951,0,0,"other",0,"PILOSA","unsampled"
"173","Chrotogale",0.237560741372016,0.115982697631433,0,0,"other",0,"CARNIVORA","unsampled"
"174","Chrotomys",0.208622232237045,0.163233561539147,0,0,"other",0,"RODENTIA","unsampled"
"175","Chrysocyon",0.269295231032347,0.118809466212224,0,0,"other",0,"CARNIVORA","unsampled"
"176","Civettictis",0.28246966508793,0.141166500864633,0,0,"other",0,"CARNIVORA","unsampled"
"177","Clyomys",0.0937342124138634,0.0789071964249845,0,0,"other",0,"RODENTIA","unsampled"
"178","Coccymys",0.308983425124453,0.146256852608862,0,0,"other",0,"RODENTIA","unsampled"
"179","Coelodonta",0.286235010825365,0.387230073161684,0,0,"other",0,"PERISSODACTYLA","unsampled"
"180","Coendou",0.206933569575906,0.114111605183082,0,0,"other",0,"RODENTIA","unsampled"
"181","Colobus",0.343620444551799,0.124509438451452,0,0,"other",0,"PRIMATES","unsampled"
"182","Colomys",0.171836189097331,0.08534597711771,0,0,"other",0,"RODENTIA","unsampled"
"183","Condylura",0.129776137243404,0.0853172032897187,0,0,"other",0,"EULIPOTYPHLA","unsampled"
"184","Conepatus",0.215140325554368,0.118341050257991,0,0,"other",0,"CARNIVORA","unsampled"
"185","Congosorex",0.204228177824617,0.101277904024297,0,0,"other",0,"EULIPOTYPHLA","unsampled"
"186","Conilurus",0.190156099894729,0.160088710440622,0,0,"other",0,"RODENTIA","unsampled"
"187","Connochaetes",0.248986826541456,0.13001622794926,0,0,"other",0,"CETARTIODACTYLA","unsampled"
"188","Coryphomys",0.124503581553787,0.0922115776548786,0,0,"other",0,"RODENTIA","unsampled"
"189","Crateromys",0.168726722776088,0.114479103496869,0,0,"other",0,"RODENTIA","unsampled"
"190","Cratogeomys",0.220158001952678,0.102972992381997,0,0,"other",0,"RODENTIA","unsampled"
"191","Cremnomys",0.174935238676556,0.135260273359295,0,0,"other",0,"RODENTIA","unsampled"
"192","Cricetomys",0.283635887064951,0.172357965087647,1,0,"other",2,"RODENTIA","positive"
"193","Cricetulus",0.205971072614073,0.193938899538406,0,0,"other",0,"RODENTIA","unsampled"
"194","Cricetus",0.1558295993135,0.163321366565478,0,0,"other",0,"RODENTIA","unsampled"
"195","Crocidura",0.46483901460907,0.185357074783801,1,0,"other",1,"EULIPOTYPHLA","positive"
"196","Crocuta",0.522532044275054,0.398790558970659,0,0,"other",0,"CARNIVORA","unsampled"
"197","Crossarchus",0.224796681887608,0.138126404087748,0,0,"other",0,"CARNIVORA","unsampled"
"198","Crossomys",0.276946168913637,0.116164947473465,0,0,"other",0,"RODENTIA","unsampled"
"199","Crunomys",0.214172792310311,0.166408832846333,0,0,"other",0,"RODENTIA","unsampled"
"200","Cryptomys",0.0920844299374541,0.05139013546095,0,0,"other",0,"RODENTIA","unsampled"
"201","Cryptonanus",0.291244841835256,0.276870699403414,0,0,"other",0,"DIDELPHIMORPHIA","unsampled"
"202","Cryptoprocta",0.305735104165363,0.205459731479284,0,0,"other",0,"CARNIVORA","unsampled"
"203","Cryptotis",0.250618046049049,0.134678503459961,0,0,"other",0,"EULIPOTYPHLA","unsampled"
"204","Ctenodactylus",0.187249167530464,0.167891075256836,0,0,"other",0,"RODENTIA","unsampled"
"205","Ctenomys",0.140667973224438,0.102875662081255,0,0,"other",0,"RODENTIA","unsampled"
"206","Cuniculus",0.233904040703989,0.157055030780089,0,0,"other",0,"RODENTIA","unsampled"
"207","Cuon",0.510093433383059,0.345252399875805,0,0,"other",0,"CARNIVORA","unsampled"
"208","Cuscomys",0.151864857858573,0.0981165619110464,0,0,"other",0,"RODENTIA","unsampled"
"209","Cyclopes",0.235732746314249,0.16371117431687,0,0,"other",0,"PILOSA","unsampled"
"210","Cynictis",0.23313085903646,0.0638083088328692,0,0,"other",0,"CARNIVORA","unsampled"
"211","Cynogale",0.291558680508975,0.213167760719813,0,0,"other",0,"CARNIVORA","unsampled"
"212","Cynomys",0.418224507003713,0.134837703496309,1,0,"other",4,"RODENTIA","positive"
"213","Cystophora",0.183200409105651,0.0338496361060153,0,0,"other",0,"CARNIVORA","unsampled"
"214","Dacnomys",0.208805352471999,0.14105107963332,0,0,"other",0,"RODENTIA","unsampled"
"215","Dactylomys",0.196220464627454,0.131408620620944,0,0,"other",0,"RODENTIA","unsampled"
"216","Dama",0.154680711489043,0.0687733019211149,0,0,"other",0,"CETARTIODACTYLA","unsampled"
"217","Damaliscus",0.208413612849427,0.0904092767552086,0,0,"other",0,"CETARTIODACTYLA","unsampled"
"218","Dasymys",0.150464338403215,0.0805694818659602,0,0,"other",0,"RODENTIA","unsampled"
"219","Dasyprocta",0.159702467915195,0.111455623357425,0,0,"other",0,"RODENTIA","unsampled"
"220","Daubentonia",0.412490757000094,0.344891306871497,0,0,"other",0,"PRIMATES","unsampled"
"221","Delanymys",0.255354977975552,0.147466691999257,0,0,"other",0,"RODENTIA","unsampled"
"222","Delomys",0.20001602674575,0.216585727647654,0,0,"other",0,"RODENTIA","unsampled"
"223","Delphinapterus",0.294635988259638,0.0488684070464057,0,0,"other",0,"CETARTIODACTYLA","unsampled"
"224","Delphinus",0.456968299311681,0.0271114739424993,1,0,"other",6,"CETARTIODACTYLA","positive"
"225","Deltamys",0.213942524769006,0.138275204917492,0,0,"other",0,"RODENTIA","unsampled"
"226","Dendromus",0.397487807562596,0.289550506207681,0,0,"other",0,"RODENTIA","unsampled"
"227","Dendroprionomys",0.110086585231668,0.0733819256392741,0,0,"other",0,"RODENTIA","unsampled"
"228","Deomys",0.15473257774711,0.108660887036932,0,0,"other",0,"RODENTIA","unsampled"
"229","Dephomys",0.117570410343852,0.0874973452664788,0,0,"other",0,"RODENTIA","unsampled"
"230","Desmana",0.152664332587644,0.193473487969839,0,0,"other",0,"EULIPOTYPHLA","unsampled"
"231","Desmodilliscus",0.195570833818202,0.114718450574579,0,0,"other",0,"RODENTIA","unsampled"
"232","Desmodillus",0.132988684405012,0.112087433800682,0,0,"other",0,"RODENTIA","unsampled"
"233","Desmomys",0.179021531960336,0.142039496718342,0,0,"other",0,"RODENTIA","unsampled"
"234","Dicerorhinus",0.438881113293856,0.482823373074913,0,0,"other",0,"PERISSODACTYLA","unsampled"
"235","Diceros",0.407363251306711,0.677145242155524,0,1,"other",2,"PERISSODACTYLA","positive"
"236","Dicrostonyx",0.2632152411476,0.198377214710952,0,0,"other",0,"RODENTIA","unsampled"
"237","Didelphis",0.26256093378073,0.323441990543061,0,1,"other",1,"DIDELPHIMORPHIA","positive"
"238","Dinaromys",0.161075465159482,0.156707374885935,0,0,"other",0,"RODENTIA","unsampled"
"239","Dinomys",0.220387822272656,0.114787604792416,0,0,"other",0,"RODENTIA","unsampled"
"240","Diomys",0.238225529646773,0.156472536923873,0,0,"other",0,"RODENTIA","unsampled"
"241","Diplogale",0.304926852453967,0.188909794443059,0,0,"other",0,"CARNIVORA","unsampled"
"242","Diplomesodon",0.222311219926454,0.123464879300951,0,0,"other",0,"EULIPOTYPHLA","unsampled"
"243","Diplomys",0.180590246764225,0.140455431564566,0,0,"other",0,"RODENTIA","unsampled"
"244","Diplothrix",0.160747038920228,0.154059434947108,0,0,"other",0,"RODENTIA","unsampled"
"245","Dipodomys",0.238744062862263,0.231822229858665,0,0,"other",0,"RODENTIA","unsampled"
"246","Dipus",0.187703143033976,0.231644691963107,0,0,"other",0,"RODENTIA","unsampled"
"247","Dolichotis",0.14327211425118,0.0984320925898713,0,0,"other",0,"RODENTIA","unsampled"
"248","Dologale",0.181848659949021,0.0777936619681515,0,0,"other",0,"CARNIVORA","unsampled"
"249","Dorcatragus",0.216612220683061,0.107028189402654,0,0,"other",0,"CETARTIODACTYLA","unsampled"
"250","Dremomys",0.329313175608537,0.270197823368437,0,0,"other",0,"RODENTIA","unsampled"
"251","Drymoreomys",0.183548925265087,0.0674244274188904,0,0,"other",0,"RODENTIA","unsampled"
"252","Dryomys",0.33755552825551,0.247766350715219,0,0,"other",0,"RODENTIA","unsampled"
"253","Dusicyon",0.31550893756158,0.207610678409273,0,0,"other",0,"CARNIVORA","unsampled"
"254","Dymecodon",0.149923735908038,0.0772615130001691,0,0,"other",0,"EULIPOTYPHLA","unsampled"
"255","Echimys",0.141172195713342,0.107340777915429,0,0,"other",0,"RODENTIA","unsampled"
"256","Echinosorex",0.19613408296021,0.196798418138568,0,0,"other",0,"EULIPOTYPHLA","unsampled"
"257","Echiothrix",0.194392397366466,0.141955560168322,0,0,"other",0,"RODENTIA","unsampled"
"258","Eira",0.232138222122958,0.160162769380973,0,0,"other",0,"CARNIVORA","unsampled"
"259","Elaphodus",0.246591314293916,0.14245143250284,0,0,"other",0,"CETARTIODACTYLA","unsampled"
"260","Elaphurus",0.181957948002714,0.122201550076156,0,0,"other",0,"CETARTIODACTYLA","unsampled"
"261","Elephas",0.684298819861742,0.708545451586147,1,1,"other",6,"PROBOSCIDEA","positive"
"262","Eligmodontia",0.450347618855861,0.268376848405109,0,0,"other",0,"RODENTIA","unsampled"
"263","Eliomys",0.179943781763385,0.212215726445282,0,0,"other",0,"RODENTIA","unsampled"
"264","Eliurus",0.208974621289039,0.153608081047464,0,0,"other",0,"RODENTIA","unsampled"
"265","Ellobius",0.172775042769469,0.143892997990052,0,0,"other",0,"RODENTIA","unsampled"
"266","Enhydra",0.25641609860424,0.140672637595669,0,0,"other",0,"CARNIVORA","unsampled"
"267","Eoglaucomys",0.239333704119612,0.187317861786206,0,0,"other",0,"RODENTIA","unsampled"
"268","Eolagurus",0.18714769309131,0.193542848173984,0,0,"other",0,"RODENTIA","unsampled"
"269","Eospalax",0.166959798815827,0.116361653792326,0,0,"other",0,"RODENTIA","unsampled"
"270","Eothenomys",0.321709848596783,0.19289541541779,0,0,"other",0,"RODENTIA","unsampled"
"271","Eozapus",0.175336714751311,0.107739073081783,0,0,"other",0,"RODENTIA","unsampled"
"272","Episoriculus",0.438067039525181,0.216158151081287,0,0,"other",0,"EULIPOTYPHLA","unsampled"
"273","Epixerus",0.125900856006704,0.0920975053402852,0,0,"other",0,"RODENTIA","unsampled"
"274","Equus",0.550542402743675,0.421752549306474,1,1,"other",22,"PERISSODACTYLA","positive"
"275","Eremodipus",0.129911755970807,0.11511471021363,0,0,"other",0,"RODENTIA","unsampled"
"276","Eremoryzomys",0.284680719264622,0.249597914132652,0,0,"other",0,"RODENTIA","unsampled"
"277","Erethizon",0.163585003866906,0.0972255740289561,0,0,"other",0,"RODENTIA","unsampled"
"278","Erignathus",0.16787520265138,0.0371983815037137,0,0,"other",0,"CARNIVORA","unsampled"
"279","Erinaceus",0.199437845972756,0.184160102880355,0,0,"other",0,"EULIPOTYPHLA","unsampled"
"280","Eropeplus",0.244751580198954,0.186326333587398,0,0,"other",0,"RODENTIA","unsampled"
"281","Erythrocebus",0.326056351413847,0.146053963194824,0,0,"other",0,"PRIMATES","unsampled"
"282","Eschrichtius",0.33110585537141,0.036819971103418,0,0,"other",0,"CETARTIODACTYLA","unsampled"
"283","Eubalaena",0.459534174932002,0.0340263038438232,1,0,"other",1,"CETARTIODACTYLA","positive"
"284","Euchoreutes",0.151728089468411,0.101870249326027,0,0,"other",0,"RODENTIA","unsampled"
"285","Eudorcas",0.217004718047049,0.119190182057316,0,0,"other",0,"CETARTIODACTYLA","unsampled"
"286","Eulemur",0.279476188106795,0.118723293837956,0,0,"other",0,"PRIMATES","unsampled"
"287","Eumetopias",0.35539924166937,0.0345136834476598,1,0,"other",1,"CARNIVORA","positive"
"288","Euneomys",0.195736749744333,0.161861504693701,0,0,"other",0,"RODENTIA","unsampled"
"289","Euoticus",0.135571327956341,0.144456500631621,0,0,"other",0,"PRIMATES","unsampled"
"290","Eupetaurus",0.191231321150604,0.102567471302538,0,0,"other",0,"RODENTIA","unsampled"
"291","Eupleres",0.183366373265013,0.107312594148492,0,0,"other",0,"CARNIVORA","unsampled"
"292","Euroscaptor",0.247290172279928,0.138069642976847,0,0,"other",0,"EULIPOTYPHLA","unsampled"
"293","Euryoryzomys",0.279944712966418,0.2597876105005,0,0,"other",0,"RODENTIA","unsampled"
"294","Euryzygomatomys",0.129567408130121,0.0918813554448136,0,0,"other",0,"RODENTIA","unsampled"
"295","Exilisciurus",0.320385509247406,0.188344107386863,0,0,"other",0,"RODENTIA","unsampled"
"296","Felis",0.404002792843888,0.46597074627325,1,1,"other",130,"CARNIVORA","positive"
"297","Felovia",0.112496698519264,0.066520358204851,0,0,"other",0,"RODENTIA","unsampled"
"298","Feresa",0.48550738246088,0.0312604289997262,0,0,"other",0,"CETARTIODACTYLA","unsampled"
"299","Feroculus",0.230183479082052,0.131032174456039,0,0,"other",0,"EULIPOTYPHLA","unsampled"
"300","Fossa",0.218336989132837,0.114521932893624,0,0,"other",0,"CARNIVORA","unsampled"
"301","Fukomys",0.126723318333367,0.0803723316294908,0,0,"other",0,"RODENTIA","unsampled"
"302","Funambulus",0.286734038605275,0.310417737710139,0,0,"other",0,"RODENTIA","unsampled"
"303","Funisciurus",0.183688967045001,0.128257437838232,1,1,"other",6,"RODENTIA","positive"
"304","Galago",0.209270353641234,0.167736187513078,0,0,"other",0,"PRIMATES","unsampled"
"305","Galagoides",0.133507353990461,0.0876773891885415,0,0,"other",0,"PRIMATES","unsampled"
"306","Galea",0.306399597143432,0.201272541171676,0,0,"other",0,"RODENTIA","unsampled"
"307","Galemys",0.184518889053701,0.16044496243217,0,0,"other",0,"EULIPOTYPHLA","unsampled"
"308","Galenomys",0.175048616423129,0.111450854984051,0,0,"other",0,"RODENTIA","unsampled"
"309","Galictis",0.259703124884682,0.141743771240787,0,0,"other",0,"CARNIVORA","unsampled"
"310","Galidia",0.31421566425654,0.171315870368083,0,0,"other",0,"CARNIVORA","unsampled"
"311","Galidictis",0.280509752716077,0.128386365271705,0,0,"other",0,"CARNIVORA","unsampled"
"312","Gazella",0.230418142767623,0.110655821001473,0,0,"other",0,"CETARTIODACTYLA","unsampled"
"313","Genetta",0.278166355317562,0.121065615991275,0,0,"other",0,"CARNIVORA","unsampled"
"314","Geocapromys",0.108402739147976,0.0693426752814957,0,0,"other",0,"RODENTIA","unsampled"
"315","Geomys",0.138285669234794,0.132506204986308,0,0,"other",0,"RODENTIA","unsampled"
"316","Georychus",0.107327913799689,0.085483140368768,0,0,"other",0,"RODENTIA","unsampled"
"317","Geoxus",0.178427782677587,0.0992185951065223,0,0,"other",0,"RODENTIA","unsampled"
"318","Gerbilliscus",0.180801890665219,0.262068664656265,0,1,"other",3,"RODENTIA","positive"
"319","Gerbillurus",0.15480147789423,0.12995129382748,0,0,"other",0,"RODENTIA","unsampled"
"320","Gerbillus",0.223107287430795,0.301755481893657,0,0,"other",0,"RODENTIA","unsampled"
"321","Giraffa",0.296750940153483,0.44037410702595,0,0,"other",0,"CETARTIODACTYLA","unsampled"
"322","Glaucomys",0.148407521843479,0.140041584991898,0,0,"other",0,"RODENTIA","unsampled"
"323","Glironia",0.247712138458576,0.276830028718855,0,0,"other",0,"DIDELPHIMORPHIA","unsampled"
"324","Glirulus",0.316026059204802,0.302029601951203,0,0,"other",0,"RODENTIA","unsampled"
"325","Glis",0.21015521241232,0.210237526051691,0,0,"other",0,"RODENTIA","unsampled"
"326","Globicephala",0.435031708148236,0.0662431367090531,0,0,"other",0,"CETARTIODACTYLA","unsampled"
"327","Glyphotes",0.273757526139872,0.148758002884631,0,0,"other",0,"RODENTIA","unsampled"
"328","Golunda",0.187569206616839,0.192952768778061,0,0,"other",0,"RODENTIA","unsampled"
"329","Gorilla",0.481603152551859,0.206694583751019,0,0,"other",0,"PRIMATES","unsampled"
"330","Gracilinanus",0.340791067980053,0.290872384299211,0,0,"other",0,"DIDELPHIMORPHIA","unsampled"
"331","Grammomys",0.276043992784077,0.21930608991975,0,0,"other",0,"RODENTIA","unsampled"
"332","Grampus",0.451657944729564,0.0281973220639722,1,0,"other",1,"CETARTIODACTYLA","positive"
"333","Graomys",0.266369371343738,0.317362561736336,0,0,"other",0,"RODENTIA","unsampled"
"334","Graphiurus",0.388173985844638,0.295378430536606,0,0,"other",0,"RODENTIA","unsampled"
"335","Gulo",0.468617183562232,0.146293699505815,0,0,"other",0,"CARNIVORA","unsampled"
"336","Gymnuromys",0.153791244004566,0.10750592279162,0,0,"other",0,"RODENTIA","unsampled"
"337","Habromys",0.344907837706474,0.258634050786045,0,0,"other",0,"RODENTIA","unsampled"
"338","Hadromys",0.191507476004579,0.147875100823762,0,0,"other",0,"RODENTIA","unsampled"
"339","Haeromys",0.360093041057539,0.257488231671353,0,0,"other",0,"RODENTIA","unsampled"
"340","Halichoerus",0.276655172667959,0.0360886298051729,0,0,"other",0,"CARNIVORA","unsampled"
"341","Halmaheramys",0.14569373405663,0.0476332943897124,0,0,"other",0,"RODENTIA","unsampled"
"342","Handleyomys",0.291926004476829,0.265324839528343,0,0,"other",0,"RODENTIA","unsampled"
"343","Hapalemur",0.216915125160484,0.110189781969727,0,0,"other",0,"PRIMATES","unsampled"
"344","Hapalomys",0.231382430976392,0.162353954737469,0,0,"other",0,"RODENTIA","unsampled"
"345","Heimyscus",0.245602338004459,0.181044233632375,0,0,"other",0,"RODENTIA","unsampled"
"346","Helarctos",0.44108348013044,0.142998688275418,0,0,"other",0,"CARNIVORA","unsampled"
"347","Heliophobius",0.133907367638077,0.0871542267303291,0,0,"other",0,"RODENTIA","unsampled"
"348","Heliosciurus",0.251389732598988,0.181255734720276,0,0,"other",0,"RODENTIA","unsampled"
"349","Helogale",0.227012266607169,0.101992560447334,0,0,"other",0,"CARNIVORA","unsampled"
"350","Hemiechinus",0.245246153495999,0.190580569924794,0,0,"other",0,"EULIPOTYPHLA","unsampled"
"351","Hemigalus",0.255835362727938,0.136586303632656,0,0,"other",0,"CARNIVORA","unsampled"
"352","Hemitragus",0.259238285758763,0.110475884827117,0,0,"other",0,"CETARTIODACTYLA","unsampled"
"353","Herpailurus",0.328839098676166,0.288088785909004,0,0,"other",0,"CARNIVORA","unsampled"
"354","Herpestes",0.322489277580315,0.199008318963173,0,0,"other",0,"CARNIVORA","unsampled"
"355","Heterocephalus",0.193643742724504,0.14828268091697,0,0,"other",0,"RODENTIA","unsampled"
"356","Heteromys",0.199006499129611,0.166833411408241,0,0,"other",0,"RODENTIA","unsampled"
"357","Heteropsomys",0.126457111242425,0.0815306117311388,0,0,"other",0,"RODENTIA","unsampled"
"358","Hexolobodon",0.190221803521862,0.0834602765107784,0,0,"other",0,"RODENTIA","unsampled"
"359","Hippidion",0.315637391011154,0.219645778306724,0,0,"other",0,"PERISSODACTYLA","unsampled"
"360","Hippocamelus",0.197448514432861,0.0607946773320618,0,0,"other",0,"CETARTIODACTYLA","unsampled"
"361","Hippopotamus",0.244048319276617,0.21191930051262,0,0,"other",0,"CETARTIODACTYLA","unsampled"
"362","Hippotragus",0.205392534080931,0.162129463200613,0,0,"other",0,"CETARTIODACTYLA","unsampled"
"363","Histriophoca",0.171620087501104,0.0336088433150223,0,0,"other",0,"CARNIVORA","unsampled"
"364","Hodomys",0.102222637496294,0.082300241106158,0,0,"other",0,"RODENTIA","unsampled"
"365","Holochilus",0.161273025812558,0.121668757951967,0,0,"other",0,"RODENTIA","unsampled"
"366","Homo",0.395089413599262,0.216800152896236,1,1,"other",400,"PRIMATES","positive"
"367","Homotherium",0.308994731109002,0.364990451357401,0,0,"other",0,"CARNIVORA","unsampled"
"368","Hoolock",0.409113903629842,0.145738071684847,0,0,"other",0,"PRIMATES","unsampled"
"369","Hoplomys",0.123398184988175,0.117405964730196,0,0,"other",0,"RODENTIA","unsampled"
"370","Hyaena",0.251997637025742,0.116588980382489,0,0,"other",0,"CARNIVORA","unsampled"
"371","Hybomys",0.293302429818028,0.188754484312903,0,0,"other",0,"RODENTIA","unsampled"
"372","Hydrochoerus",0.145485821345718,0.100967230227457,0,0,"other",0,"RODENTIA","unsampled"
"373","Hydromys",0.244521580563276,0.127580011731702,0,0,"other",0,"RODENTIA","unsampled"
"374","Hydropotes",0.12963806298459,0.0654358911058266,0,0,"other",0,"CETARTIODACTYLA","unsampled"
"375","Hydrurga",0.215407900113667,0.0308692937908644,0,0,"other",0,"CARNIVORA","unsampled"
"376","Hyemoschus",0.135892730345385,0.0750105891974403,0,0,"other",0,"CETARTIODACTYLA","unsampled"
"377","Hyladelphys",0.278979800779924,0.289021402561653,0,0,"other",0,"DIDELPHIMORPHIA","unsampled"
"378","Hylaeamys",0.29066643689522,0.270850646962515,0,0,"other",0,"RODENTIA","unsampled"
"379","Hylobates",0.664028887318314,0.233179086491268,1,0,"other",2,"PRIMATES","positive"
"380","Hylochoerus",0.168579925469942,0.149160086884253,0,0,"other",0,"CETARTIODACTYLA","unsampled"
"381","Hylomys",0.220845699534727,0.110175178021141,0,0,"other",0,"EULIPOTYPHLA","unsampled"
"382","Hylomyscus",0.25685140744423,0.174823979376312,0,0,"other",0,"RODENTIA","unsampled"
"383","Hylopetes",0.278598423645168,0.270563435046107,0,0,"other",0,"RODENTIA","unsampled"
"384","Hyomys",0.246884393454151,0.122201870702113,0,0,"other",0,"RODENTIA","unsampled"
"385","Hyosciurus",0.264611733618674,0.145369223180782,0,0,"other",0,"RODENTIA","unsampled"
"386","Hyperacrius",0.180430213884216,0.102776724545735,0,0,"other",0,"RODENTIA","unsampled"
"387","Hyperoodon",0.267215337836333,0.0314092822734684,0,0,"other",0,"CETARTIODACTYLA","unsampled"
"388","Hypogeomys",0.167695037605474,0.113238348671278,0,0,"other",0,"RODENTIA","unsampled"
"389","Hystrix",0.218412446384083,0.137687895497825,0,0,"other",0,"RODENTIA","unsampled"
"390","Ichneumia",0.215763847826642,0.084147607461465,0,0,"other",0,"CARNIVORA","unsampled"
"391","Ichthyomys",0.218297953666746,0.161675279293843,0,0,"other",0,"RODENTIA","unsampled"
"392","Ictidomys",0.179977570703026,0.14954417510069,0,0,"other",0,"RODENTIA","unsampled"
"393","Ictonyx",0.247347843807054,0.0933913339727749,0,0,"other",0,"CARNIVORA","unsampled"
"394","Idiurus",0.143027599929864,0.0728753486431999,0,0,"other",0,"RODENTIA","unsampled"
"395","Indopacetus",0.279969115914156,0.0349311628357104,0,0,"other",0,"CETARTIODACTYLA","unsampled"
"396","Indri",0.249993795066098,0.112503069415734,0,0,"other",0,"PRIMATES","unsampled"
"397","Inia",0.294574039084712,0.0367597440505584,0,0,"other",0,"CETARTIODACTYLA","unsampled"
"398","Iomys",0.183735033502072,0.214976375239922,0,0,"other",0,"RODENTIA","unsampled"
"399","Irenomys",0.196384799790097,0.216875404344763,0,0,"other",0,"RODENTIA","unsampled"
"400","Isolobodon",0.127956960912313,0.0904766172658569,0,0,"other",0,"RODENTIA","unsampled"
"401","Isothrix",0.155133318710526,0.115318468683345,0,0,"other",0,"RODENTIA","unsampled"
"402","Isthmomys",0.204208142939849,0.209882085667658,0,0,"other",0,"RODENTIA","unsampled"
"403","Jaculus",0.184655723088316,0.131297823347244,0,0,"other",0,"RODENTIA","unsampled"
"404","Juliomys",0.328788881242413,0.20481228470519,0,0,"other",0,"RODENTIA","unsampled"
"405","Juscelinomys",0.13099391070121,0.128190197283894,0,0,"other",0,"RODENTIA","unsampled"
"406","Kadarsanomys",0.173074920196474,0.168100252045194,0,0,"other",0,"RODENTIA","unsampled"
"407","Kannabateomys",0.123941287037431,0.0824153089131415,0,0,"other",0,"RODENTIA","unsampled"
"408","Kerodon",0.10793731236178,0.0690191039897851,0,0,"other",0,"RODENTIA","unsampled"
"409","Kobus",0.187947532764058,0.0830456844745162,0,0,"other",0,"CETARTIODACTYLA","unsampled"
"410","Kogia",0.314507955125813,0.314361254001249,0,0,"other",0,"CETARTIODACTYLA","unsampled"
"411","Komodomys",0.134827861956424,0.144200384625074,0,0,"other",0,"RODENTIA","unsampled"
"412","Kunsia",0.100389226293062,0.0880581575129685,0,0,"other",0,"RODENTIA","unsampled"
"413","Lagenodelphis",0.314775350237293,0.0246594420615182,0,0,"other",0,"CETARTIODACTYLA","unsampled"
"414","Lagenorhynchus",0.312223454731895,0.0309795627229685,0,0,"other",0,"CETARTIODACTYLA","unsampled"
"415","Lagidium",0.1600488112492,0.0937521862742231,0,0,"other",0,"RODENTIA","unsampled"
"416","Lagostomus",0.114816898124032,0.0742352701469413,0,0,"other",0,"RODENTIA","unsampled"
"417","Lagothrix",0.490959141778398,0.17420372049379,0,0,"other",0,"PRIMATES","unsampled"
"418","Lagurus",0.41546443463508,0.201998645367839,0,0,"other",0,"RODENTIA","unsampled"
"419","Lama",0.714388956159233,0.419854429508468,1,1,"other",6,"CETARTIODACTYLA","positive"
"420","Lamottemys",0.173630602460561,0.10608698110574,0,0,"other",0,"RODENTIA","unsampled"
"421","Laonastes",0.194676085072194,0.147218899744391,0,0,"other",0,"RODENTIA","unsampled"
"422","Lariscus",0.283170434503349,0.202025511121435,0,0,"other",0,"RODENTIA","unsampled"
"423","Lasiopodomys",0.236379521818555,0.163736039931088,0,0,"other",0,"RODENTIA","unsampled"
"424","Leggadina",0.172969409453797,0.107388654312856,0,0,"other",0,"RODENTIA","unsampled"
"425","Leimacomys",0.124257277332842,0.097466955322993,0,0,"other",0,"RODENTIA","unsampled"
"426","Lemmiscus",0.22905638944945,0.143303861843191,0,0,"other",0,"RODENTIA","unsampled"
"427","Lemmus",0.18841966133079,0.134527359886821,0,0,"other",0,"RODENTIA","unsampled"
"428","Lemniscomys",0.231439504503048,0.181475211069263,0,0,"other",0,"RODENTIA","unsampled"
"429","Lemur",0.192644749950033,0.0806059175630622,0,0,"other",0,"PRIMATES","unsampled"
"430","Lenomys",0.152187581315973,0.13541472682601,0,0,"other",0,"RODENTIA","unsampled"
"431","Lenothrix",0.152657566449676,0.138655142367586,0,0,"other",0,"RODENTIA","unsampled"
"432","Lenoxus",0.17360234502959,0.149899173254242,0,0,"other",0,"RODENTIA","unsampled"
"433","Leontocebus",0.200417051221257,0.28745348406965,0,1,"other",2,"PRIMATES","positive"
"434","Leontopithecus",0.171283981079994,0.132485575655662,0,0,"other",0,"PRIMATES","unsampled"
"435","Leopardus",0.354190868920145,0.361227180152828,0,1,"other",1,"CARNIVORA","positive"
"436","Leopoldamys",0.241155569305389,0.170305592882563,0,0,"other",0,"RODENTIA","unsampled"
"437","Lepilemur",0.150379398657998,0.10748755296237,0,0,"other",0,"PRIMATES","unsampled"
"438","Leporillus",0.112483698216867,0.068710528234434,0,0,"other",0,"RODENTIA","unsampled"
"439","Leptailurus",0.371024715058515,0.357732491879608,0,0,"other",0,"CARNIVORA","unsampled"
"440","Leptomys",0.240588403446335,0.146977794355825,0,0,"other",0,"RODENTIA","unsampled"
"441","Leptonychotes",0.180799127335407,0.0375546802657742,0,0,"other",0,"CARNIVORA","unsampled"
"442","Lepus",0.184468625403253,0.132694866516244,0,0,"other",0,"LAGOMORPHA","unsampled"
"443","Lestodelphys",0.186375914662899,0.159916459668716,0,0,"other",0,"DIDELPHIMORPHIA","unsampled"
"444","Liberiictis",0.182273955402044,0.073064434869386,0,0,"other",0,"CARNIVORA","unsampled"
"445","Limnomys",0.256079869787413,0.192935637421792,0,0,"other",0,"RODENTIA","unsampled"
"446","Liomys",0.199006499129611,0.166833411408241,0,0,"other",0,"RODENTIA","unsampled"
"447","Lipotes",0.311474175440697,0.0402280476130316,0,0,"other",0,"CETARTIODACTYLA","unsampled"
"448","Lissodelphis",0.307885296724931,0.0276148762514559,0,0,"other",0,"CETARTIODACTYLA","unsampled"
"449","Litocranius",0.193941070183177,0.0855579306250599,0,0,"other",0,"CETARTIODACTYLA","unsampled"
"450","Lobodon",0.211249850765305,0.0285186162568467,0,0,"other",0,"CARNIVORA","unsampled"
"451","Lonchothrix",0.10353855809063,0.0931719120655575,0,0,"other",0,"RODENTIA","unsampled"
"452","Lontra",0.237816165280337,0.159585608386868,0,0,"other",0,"CARNIVORA","unsampled"
"453","Lophiomys",0.165342094227841,0.0828416325189462,0,0,"other",0,"RODENTIA","unsampled"
"454","Lophocebus",0.34190564062649,0.125522434260842,0,0,"other",0,"PRIMATES","unsampled"
"455","Lophuromys",0.20196289942422,0.122174958437778,0,0,"other",0,"RODENTIA","unsampled"
"456","Lorentzimys",0.29854447007034,0.179430781346696,0,0,"other",0,"RODENTIA","unsampled"
"457","Loris",0.218379029430348,0.15041200729449,0,0,"other",0,"PRIMATES","unsampled"
"458","Loxodonta",0.582803933189782,0.70513718537236,1,1,"other",4,"PROBOSCIDEA","positive"
"459","Loxodontomys",0.186212019683446,0.135205244368758,0,0,"other",0,"RODENTIA","unsampled"
"460","Lundomys",0.127625973080098,0.0956529548552703,0,0,"other",0,"RODENTIA","unsampled"
"461","Lutra",0.256948902302323,0.159672587049428,0,0,"other",0,"CARNIVORA","unsampled"
"462","Lutreolina",0.306997410116766,0.366265252154406,0,0,"other",0,"DIDELPHIMORPHIA","unsampled"
"463","Lutrogale",0.35079659796511,0.28103318907578,0,0,"other",0,"CARNIVORA","unsampled"
"464","Lycaon",0.354384415054014,0.269196337293999,0,0,"other",0,"CARNIVORA","unsampled"
"465","Lyncodon",0.329020504077287,0.150340762924055,0,0,"other",0,"CARNIVORA","unsampled"
"466","Lynx",0.480110192147848,0.402734674002758,1,0,"other",34,"CARNIVORA","positive"
"467","Macaca",0.555378565551284,0.405936161513087,1,1,"other",8,"PRIMATES","positive"
"468","Macrogalidia",0.245826089887332,0.16369803782417,0,0,"other",0,"CARNIVORA","unsampled"
"469","Macrotarsomys",0.202322488619017,0.179383975132033,0,0,"other",0,"RODENTIA","unsampled"
"470","Macruromys",0.166906206816768,0.131023825789968,0,0,"other",0,"RODENTIA","unsampled"
"471","Madoqua",0.1932788475189,0.0890314158402869,0,0,"other",0,"CETARTIODACTYLA","unsampled"
"472","Madromys",0.273227412215033,0.125089356889195,0,0,"other",0,"RODENTIA","unsampled"
"473","Makalata",0.123519221104886,0.107323647947112,0,0,"other",0,"RODENTIA","unsampled"
"474","Malacomys",0.183186807329144,0.172410273150173,1,0,"other",1,"RODENTIA","positive"
"475","Malacothrix",0.158073164364102,0.0844276768309926,0,0,"other",0,"RODENTIA","unsampled"
"476","Mallomys",0.20608087318166,0.117023571597911,0,0,"other",0,"RODENTIA","unsampled"
"477","Malpaisomys",0.107584443479993,0.0947115804844902,0,0,"other",0,"RODENTIA","unsampled"
"478","Mammelomys",0.202330784242033,0.127311290855036,0,0,"other",0,"RODENTIA","unsampled"
"479","Mammut",0.459037357393181,0.592435552959625,0,0,"other",0,"PROBOSCIDEA","unsampled"
"480","Mammuthus",0.423362782312941,0.555550796331721,0,0,"other",0,"PROBOSCIDEA","unsampled"
"481","Mandrillus",0.349950243583772,0.109836660082094,0,0,"other",0,"PRIMATES","unsampled"
"482","Margaretamys",0.144931069835028,0.14815583808413,0,0,"other",0,"RODENTIA","unsampled"
"483","Marmosa",0.242674966899541,0.243263048228808,0,0,"other",0,"DIDELPHIMORPHIA","unsampled"
"484","Marmosops",0.316519482703077,0.251177946156199,0,0,"other",0,"DIDELPHIMORPHIA","unsampled"
"485","Marmota",0.514336441982432,0.269272477062104,1,0,"other",1,"RODENTIA","positive"
"486","Martes",0.309724452419991,0.203973739381205,0,0,"other",0,"CARNIVORA","unsampled"
"487","Massoutiera",0.176375844136122,0.143291523701251,0,0,"other",0,"RODENTIA","unsampled"
"488","Mastacomys",0.211750573688995,0.178318370806828,0,0,"other",0,"RODENTIA","unsampled"
"489","Mastomys",0.212402826717005,0.2681953031939,0,0,"other",0,"RODENTIA","unsampled"
"490","Maxomys",0.284105142932095,0.269708773169146,0,0,"other",0,"RODENTIA","unsampled"
"491","Mazama",0.240772948883575,0.131802657584472,0,0,"other",0,"CETARTIODACTYLA","unsampled"
"492","Megadendromus",0.177902080214578,0.128349834399977,0,0,"other",0,"RODENTIA","unsampled"
"493","Megadontomys",0.214584386714049,0.131224118077979,0,0,"other",0,"RODENTIA","unsampled"
"494","Megaladapis",0.178685967589804,0.0869902890383328,0,0,"other",0,"PRIMATES","unsampled"
"495","Megaloceros",0.19951398516576,0.122626532964119,0,0,"other",0,"CETARTIODACTYLA","unsampled"
"496","Megalomys",0.156742800178238,0.118642599763648,0,0,"other",0,"RODENTIA","unsampled"
"497","Megaoryzomys",0.14767786900839,0.107075065922666,0,0,"other",0,"RODENTIA","unsampled"
"498","Megaptera",0.379674092075808,0.0359523070320795,0,0,"other",0,"CETARTIODACTYLA","unsampled"
"499","Megasorex",0.250926917110573,0.135743663191322,0,0,"other",0,"EULIPOTYPHLA","unsampled"
"500","Melanomys",0.248529614885374,0.186360964456182,0,0,"other",0,"RODENTIA","unsampled"
"501","Melasmothrix",0.25094946249545,0.151096890205293,0,0,"other",0,"RODENTIA","unsampled"
"502","Meles",0.295683129243895,0.143001085287644,0,0,"other",0,"CARNIVORA","unsampled"
"503","Mellivora",0.296984370894915,0.175921475393207,0,0,"other",0,"CARNIVORA","unsampled"
"504","Melogale",0.304102650898904,0.16841800304829,0,0,"other",0,"CARNIVORA","unsampled"
"505","Melomys",0.214139285698855,0.141479746653453,0,0,"other",0,"RODENTIA","unsampled"
"506","Melursus",0.423717176730693,0.118563700864505,0,0,"other",0,"CARNIVORA","unsampled"
"507","Menetes",0.173081893877679,0.120931933594595,0,0,"other",0,"RODENTIA","unsampled"
"508","Mephitis",0.298252316096237,0.325997697708492,1,1,"other",4,"CARNIVORA","positive"
"509","Meriones",0.240413633664382,0.442530433453358,0,1,"other",1,"RODENTIA","positive"
"510","Mesechinus",0.182589312197832,0.150877358790362,0,0,"other",0,"EULIPOTYPHLA","unsampled"
"511","Mesembriomys",0.225502966820976,0.187221276028743,0,0,"other",0,"RODENTIA","unsampled"
"512","Mesocapromys",0.173330274172444,0.101402644928469,0,0,"other",0,"RODENTIA","unsampled"
"513","Mesocricetus",0.246677950707273,0.290831529494564,0,0,"other",0,"RODENTIA","unsampled"
"514","Mesomys",0.147978504064994,0.121035171794774,0,0,"other",0,"RODENTIA","unsampled"
"515","Mesoplodon",0.24351520500827,0.0303420083157156,0,0,"other",0,"CETARTIODACTYLA","unsampled"
"516","Metachirus",0.223009335102753,0.244149082894678,0,0,"other",0,"DIDELPHIMORPHIA","unsampled"
"517","Mico",0.247077483951046,0.230821902128994,0,0,"other",0,"PRIMATES","unsampled"
"518","Microakodontomys",0.238646182834741,0.111949046314298,0,0,"other",0,"RODENTIA","unsampled"
"519","Microcavia",0.286753354922238,0.138603395088391,0,0,"other",0,"RODENTIA","unsampled"
"520","Microcebus",0.201696844171688,0.158754793247734,0,0,"other",0,"PRIMATES","unsampled"
"521","Microdillus",0.181632909844852,0.138070328628665,0,0,"other",0,"RODENTIA","unsampled"
"522","Microdipodops",0.304805464070402,0.203297668396091,0,0,"other",0,"RODENTIA","unsampled"
"523","Microhydromys",0.28453596421481,0.155493888752423,0,0,"other",0,"RODENTIA","unsampled"
"524","Micromys",0.549387675683544,0.399929920989789,1,0,"other",2,"RODENTIA","positive"
"525","Microryzomys",0.309005818668064,0.150675054903046,0,0,"other",0,"RODENTIA","unsampled"
"526","Microsciurus",0.252649854317843,0.181383127740538,0,0,"other",0,"RODENTIA","unsampled"
"527","Microtus",0.458323080744595,0.352271063133201,1,1,"other",69,"RODENTIA","positive"
"528","Millardia",0.195677675966442,0.206250216108242,0,0,"other",0,"RODENTIA","unsampled"
"529","Mindomys",0.303380491085704,0.238330551669075,0,0,"other",0,"RODENTIA","unsampled"
"530","Miopithecus",0.249892483071518,0.0884085164471346,0,0,"other",0,"PRIMATES","unsampled"
"531","Miracinonyx",0.253974736210133,0.390886036764842,0,0,"other",0,"CARNIVORA","unsampled"
"532","Mirounga",0.170152066980475,0.0329074650848569,0,0,"other",0,"CARNIVORA","unsampled"
"533","Mirza",0.151518635571292,0.0970954354146216,0,0,"other",0,"PRIMATES","unsampled"
"534","Mirzamys",0.35454760600209,0.156924875961589,0,0,"other",0,"RODENTIA","unsampled"
"535","Mogera",0.179849235950769,0.163365577441694,0,0,"other",0,"EULIPOTYPHLA","unsampled"
"536","Monachus",0.234791729727277,0.0406992185779263,0,0,"other",0,"CARNIVORA","unsampled"
"537","Monodelphis",0.393252784806908,0.372162552597222,1,0,"other",1,"DIDELPHIMORPHIA","positive"
"538","Monodon",0.347931072009914,0.0843121588970047,0,0,"other",0,"CETARTIODACTYLA","unsampled"
"539","Monticolomys",0.325588472740356,0.232253065762968,0,0,"other",0,"RODENTIA","unsampled"
"540","Moschiola",0.186328912523279,0.118002331692034,0,0,"other",0,"CETARTIODACTYLA","unsampled"
"541","Moschus",0.193921928942871,0.0955966506591939,0,0,"other",0,"CETARTIODACTYLA","unsampled"
"542","Mungos",0.213883602640536,0.0791750862446283,1,0,"other",1,"CARNIVORA","positive"
"543","Mungotictis",0.279898114726181,0.122253060603708,0,0,"other",0,"CARNIVORA","unsampled"
"544","Muntiacus",0.257253109233111,0.120235946329028,0,0,"other",0,"CETARTIODACTYLA","unsampled"
"545","Muriculus",0.233917031877158,0.118821555260969,0,0,"other",0,"RODENTIA","unsampled"
"546","Mus",0.562062925066157,0.541905968375,1,1,"other",45,"RODENTIA","positive"
"547","Muscardinus",0.299102461195481,0.242002758186295,0,0,"other",0,"RODENTIA","unsampled"
"548","Musseromys",0.174357363286414,0.0648341579557064,0,0,"other",0,"RODENTIA","unsampled"
"549","Mustela",0.335770445563958,0.200290754763106,0,0,"other",0,"CARNIVORA","unsampled"
"550","Mydaus",0.206330217296351,0.137459368674154,0,0,"other",0,"CARNIVORA","unsampled"
"551","Mylodon",0.302803193254777,0.433013783476996,0,0,"other",0,"PILOSA","unsampled"
"552","Mylomys",0.161281782590034,0.10059644318427,0,0,"other",0,"RODENTIA","unsampled"
"553","Myocastor",0.13893551813736,0.137630791575422,0,0,"other",0,"RODENTIA","unsampled"
"554","Myodes",0.506211690995357,0.442111589468855,1,1,"other",28,"RODENTIA","positive"
"555","Myomimus",0.319283601327343,0.257865176723276,0,0,"other",0,"RODENTIA","unsampled"
"556","Myomyscus",0.163426706170081,0.139707417227287,0,0,"other",0,"RODENTIA","unsampled"
"557","Myoprocta",0.194312614427022,0.129026229300014,0,0,"other",0,"RODENTIA","unsampled"
"558","Myopus",0.358141679159825,0.253259338528039,0,0,"other",0,"RODENTIA","unsampled"
"559","Myosciurus",0.142908475192004,0.0739305205056746,0,0,"other",0,"RODENTIA","unsampled"
"560","Myosorex",0.370340877758961,0.136054323694374,0,0,"other",0,"EULIPOTYPHLA","unsampled"
"561","Myospalax",0.15003868087795,0.134052932880023,0,0,"other",0,"RODENTIA","unsampled"
"562","Myotragus",0.11981051858917,0.0636686650090571,0,0,"other",0,"CETARTIODACTYLA","unsampled"
"563","Myrmecophaga",0.249036876246637,0.364969236247104,0,1,"other",2,"PILOSA","positive"
"564","Mysateles",0.158126727630285,0.0999362394336969,0,0,"other",0,"RODENTIA","unsampled"
"565","Mystromys",0.154379199261471,0.150158876031422,0,0,"other",0,"RODENTIA","unsampled"
"566","Naemorhedus",0.260307750543669,0.0952679253976022,0,0,"other",0,"CETARTIODACTYLA","unsampled"
"567","Nandinia",0.198795620285761,0.0974266990912041,0,0,"other",0,"CARNIVORA","unsampled"
"568","Nanger",0.199798619181207,0.0793423301240761,0,0,"other",0,"CETARTIODACTYLA","unsampled"
"569","Nannosciurus",0.225318005144113,0.144751569165318,0,0,"other",0,"RODENTIA","unsampled"
"570","Napaeozapus",0.209152012670946,0.161149513161656,0,0,"other",0,"RODENTIA","unsampled"
"571","Nasalis",0.388134730951235,0.154289549340757,0,0,"other",0,"PRIMATES","unsampled"
"572","Nasua",0.337955798304423,0.167762327266567,0,0,"other",0,"CARNIVORA","unsampled"
"573","Nasuella",0.212100664064291,0.0899624275673451,0,0,"other",0,"CARNIVORA","unsampled"
"574","Neacomys",0.453568163841577,0.324164461780677,0,0,"other",0,"RODENTIA","unsampled"
"575","Necromys",0.256402637049639,0.149524019040804,0,0,"other",0,"RODENTIA","unsampled"
"576","Nectogale",0.263095176937483,0.173811039057128,0,0,"other",0,"EULIPOTYPHLA","unsampled"
"577","Nectomys",0.258234163230245,0.215585218685273,0,0,"other",0,"RODENTIA","unsampled"
"578","Nelsonia",0.105784199100859,0.0855390443008626,0,0,"other",0,"RODENTIA","unsampled"
"579","Neodon",0.218932686820431,0.164342080311742,0,0,"other",0,"RODENTIA","unsampled"
"580","Neofelis",0.478602493423116,0.601087910134746,0,0,"other",0,"CARNIVORA","unsampled"
"581","Neofiber",0.138741127088758,0.0838328084155794,0,0,"other",0,"RODENTIA","unsampled"
"582","Neohylomys",0.138865310317596,0.108309767465516,0,0,"other",0,"EULIPOTYPHLA","unsampled"
"583","Neomonachus",0.242510673923348,0.0417799338080871,0,0,"other",0,"CARNIVORA","unsampled"
"584","Neomys",0.34611776688726,0.26159685383936,0,0,"other",0,"EULIPOTYPHLA","unsampled"
"585","Neophoca",0.407914307505595,0.0393767344522389,0,0,"other",0,"CARNIVORA","unsampled"
"586","Neophocaena",0.27616159778927,0.0407625134552316,0,0,"other",0,"CETARTIODACTYLA","unsampled"
"587","Neotetracus",0.224855226261309,0.210222518680684,0,0,"other",0,"EULIPOTYPHLA","unsampled"
"588","Neotoma",0.191287686754784,0.17462263221442,0,0,"other",0,"RODENTIA","unsampled"
"589","Neotomodon",0.28149911092002,0.208116006534844,0,0,"other",0,"RODENTIA","unsampled"
"590","Neotomys",0.155726759571723,0.117185960740179,0,0,"other",0,"RODENTIA","unsampled"
"591","Neotragus",0.110109759728336,0.0588678397869333,0,0,"other",0,"CETARTIODACTYLA","unsampled"
"592","Neovison",0.190270881626627,0.0826947186554628,0,0,"other",0,"CARNIVORA","unsampled"
"593","Nephelomys",0.30725822887794,0.238147142145209,0,0,"other",0,"RODENTIA","unsampled"
"594","Nesokia",0.29977169640588,0.238892320476378,0,0,"other",0,"RODENTIA","unsampled"
"595","Nesolagus",0.268872660326825,0.157565525858746,0,0,"other",0,"LAGOMORPHA","unsampled"
"596","Nesomys",0.180220500074571,0.124033950696031,0,0,"other",0,"RODENTIA","unsampled"
"597","Nesophontes",0.121038182390892,0.0909321798699838,0,0,"other",0,"EULIPOTYPHLA","unsampled"
"598","Nesoromys",0.293909767853104,0.247819000172573,0,0,"other",0,"RODENTIA","unsampled"
"599","Nesoryzomys",0.252607624791181,0.208101914168186,0,0,"other",0,"RODENTIA","unsampled"
"600","Nesotragus",0.153765253143213,0.0799973147885778,0,0,"other",0,"CETARTIODACTYLA","unsampled"
"601","Neurotrichus",0.212129460214025,0.107100533204315,0,0,"other",0,"EULIPOTYPHLA","unsampled"
"602","Neusticomys",0.207120702579681,0.156217237913725,0,0,"other",0,"RODENTIA","unsampled"
"603","Nilgiritragus",0.260538339050117,0.114713232948621,0,0,"other",0,"CETARTIODACTYLA","unsampled"
"604","Nilopegamys",0.165273182399007,0.100349933721055,0,0,"other",0,"RODENTIA","unsampled"
"605","Niviventer",0.320693878075182,0.314613770068864,0,0,"other",0,"RODENTIA","unsampled"
"606","Nomascus",0.523842653907114,0.201687695876502,0,0,"other",0,"PRIMATES","unsampled"
"607","Noronhomys",0.140984025841164,0.129708852075843,0,0,"other",0,"RODENTIA","unsampled"
"608","Nothrotheriops",0.26825366156404,0.28811269478463,0,0,"other",0,"PILOSA","unsampled"
"609","Notiomys",0.194212025633046,0.110452738986726,0,0,"other",0,"RODENTIA","unsampled"
"610","Notiosorex",0.333291765663478,0.184124057478874,0,0,"other",0,"EULIPOTYPHLA","unsampled"
"611","Notocitellus",0.299766275999323,0.308373937872846,0,0,"other",0,"RODENTIA","unsampled"
"612","Notomys",0.142931929993813,0.130942838149417,0,0,"other",0,"RODENTIA","unsampled"
"613","Nyctereutes",0.19651187774607,0.180903035479692,0,0,"other",0,"CARNIVORA","unsampled"
"614","Nycticebus",0.377939377894237,0.253446048747346,0,0,"other",0,"PRIMATES","unsampled"
"615","Nyctomys",0.215302806055768,0.17087852820788,0,0,"other",0,"RODENTIA","unsampled"
"616","Ochotona",0.169839951861384,0.114475192882335,0,0,"other",0,"LAGOMORPHA","unsampled"
"617","Ochrotomys",0.294978226159172,0.170061447756968,0,0,"other",0,"RODENTIA","unsampled"
"618","Octodon",0.251286214837927,0.222700236952608,0,0,"other",0,"RODENTIA","unsampled"
"619","Octodontomys",0.16135174654477,0.0802221380762768,0,0,"other",0,"RODENTIA","unsampled"
"620","Octomys",0.121536721407241,0.1096253920633,0,0,"other",0,"RODENTIA","unsampled"
"621","Odobenus",0.346567893380607,0.376720762466386,0,0,"other",0,"CARNIVORA","unsampled"
"622","Odocoileus",0.213685019837874,0.0745492676451348,0,0,"other",0,"CETARTIODACTYLA","unsampled"
"623","Oecomys",0.287325334929852,0.207221868494045,0,0,"other",0,"RODENTIA","unsampled"
"624","Oenomys",0.162864657354082,0.116438533305699,0,0,"other",0,"RODENTIA","unsampled"
"625","Okapia",0.430030060744412,0.530908921983469,0,1,"other",2,"CETARTIODACTYLA","positive"
"626","Olallamys",0.185408690469489,0.101420659698204,0,0,"other",0,"RODENTIA","unsampled"
"627","Oligoryzomys",0.535439026095064,0.35103860230443,1,0,"other",1,"RODENTIA","positive"
"628","Ommatophoca",0.218683097573159,0.0283866591202419,0,0,"other",0,"CARNIVORA","unsampled"
"629","Ondatra",0.119022596417734,0.107943756264802,0,0,"other",0,"RODENTIA","unsampled"
"630","Onychomys",0.185407697568434,0.116789830175102,0,0,"other",0,"RODENTIA","unsampled"
"631","Orcaella",0.315589232551297,0.0419801468484394,0,0,"other",0,"CETARTIODACTYLA","unsampled"
"632","Orcinus",0.596939918158703,0.139734448238861,0,0,"other",0,"CETARTIODACTYLA","unsampled"
"633","Oreamnos",0.124175007831225,0.053642348079518,0,0,"other",0,"CETARTIODACTYLA","unsampled"
"634","Oreonax",0.457150511255324,0.191980424726515,0,0,"other",0,"PRIMATES","unsampled"
"635","Oreoryzomys",0.267866023924836,0.239706304710781,0,0,"other",0,"RODENTIA","unsampled"
"636","Oreotragus",0.147692648041979,0.0562603969582274,0,0,"other",0,"CETARTIODACTYLA","unsampled"
"637","Orthogeomys",0.216645872752699,0.124191038545261,0,0,"other",0,"RODENTIA","unsampled"
"638","Oryctolagus",0.267904562876879,0.233895211717556,1,1,"other",8,"LAGOMORPHA","positive"
"639","Oryx",0.214558856834202,0.129442475161883,0,0,"other",0,"CETARTIODACTYLA","unsampled"
"640","Oryzomys",0.289190278353,0.234045355240242,0,0,"other",0,"RODENTIA","unsampled"
"641","Osgoodomys",0.316383513963747,0.28658138561829,0,0,"other",0,"RODENTIA","unsampled"
"642","Otaria",0.210037296009985,0.0360182299666941,0,0,"other",0,"CARNIVORA","unsampled"
"643","Otocolobus",0.419210941559849,0.421385927464616,0,0,"other",0,"CARNIVORA","unsampled"
"644","Otocyon",0.142844643514959,0.0817453775609206,0,0,"other",0,"CARNIVORA","unsampled"
"645","Otolemur",0.246152409262443,0.184720368742654,0,0,"other",0,"PRIMATES","unsampled"
"646","Otomys",0.201653353928175,0.10807119052411,0,0,"other",0,"RODENTIA","unsampled"
"647","Otonyctomys",0.119828810138271,0.104596554853559,0,0,"other",0,"RODENTIA","unsampled"
"648","Otospermophilus",0.263968460102644,0.219146854504748,0,0,"other",0,"RODENTIA","unsampled"
"649","Ototylomys",0.201055875551096,0.133564059352074,0,0,"other",0,"RODENTIA","unsampled"
"650","Ourebia",0.211647688687091,0.098645666771844,0,0,"other",0,"CETARTIODACTYLA","unsampled"
"651","Ovibos",0.241913123140168,0.144296969031406,0,0,"other",0,"CETARTIODACTYLA","unsampled"
"652","Ovis",0.28996866206174,0.120172641911336,0,0,"other",0,"CETARTIODACTYLA","unsampled"
"653","Oxymycterus",0.223387395944118,0.149972990891668,0,0,"other",0,"RODENTIA","unsampled"
"654","Ozotoceros",0.21298878373396,0.128050827756825,0,0,"other",0,"CETARTIODACTYLA","unsampled"
"655","Pachyuromys",0.190119220964967,0.154474527560295,0,0,"other",0,"RODENTIA","unsampled"
"656","Pagophilus",0.185097510123247,0.0397937184340623,0,0,"other",0,"CARNIVORA","unsampled"
"657","Paguma",0.332779217022401,0.191735387581923,0,0,"other",0,"CARNIVORA","unsampled"
"658","Palaeopropithecus",0.211825108368339,0.0905857917087769,0,0,"other",0,"PRIMATES","unsampled"
"659","Palawanomys",0.136188372195586,0.159866199622614,0,0,"other",0,"RODENTIA","unsampled"
"660","Pan",0.658619051164859,0.149144275197768,1,0,"other",21,"PRIMATES","positive"
"661","Panthera",0.501507524005944,0.710142029578358,0,1,"other",1,"CARNIVORA","positive"
"662","Pantholops",0.137189016131327,0.0798228487212315,0,0,"other",0,"CETARTIODACTYLA","unsampled"
"663","Papagomys",0.14130041180974,0.128110772020104,0,0,"other",0,"RODENTIA","unsampled"
"664","Papio",0.45976139578355,0.158704986026042,0,0,"other",0,"PRIMATES","unsampled"
"665","Pappogeomys",0.17352458642058,0.0797179788386164,0,0,"other",0,"RODENTIA","unsampled"
"666","Paracrocidura",0.309451071262037,0.1216417834268,0,0,"other",0,"EULIPOTYPHLA","unsampled"
"667","Paracynictis",0.209768847040084,0.0666635273493922,0,0,"other",0,"CARNIVORA","unsampled"
"668","Paradipus",0.127292222375409,0.154139148009931,0,0,"other",0,"RODENTIA","unsampled"
"669","Paradoxurus",0.390169331051461,0.260637174233309,0,0,"other",0,"CARNIVORA","unsampled"
"670","Paraechinus",0.232478061883093,0.199964671077504,0,0,"other",0,"EULIPOTYPHLA","unsampled"
"671","Parahydromys",0.252559162492193,0.117669163952974,0,0,"other",0,"RODENTIA","unsampled"
"672","Paraleptomys",0.191934211881051,0.136695844067889,0,0,"other",0,"RODENTIA","unsampled"
"673","Paralomys",0.270974944709293,0.128919472368902,0,0,"other",0,"RODENTIA","unsampled"
"674","Paramelomys",0.218611439267282,0.135631829150915,0,0,"other",0,"RODENTIA","unsampled"
"675","Parascalops",0.121006836369535,0.0845152222060627,0,0,"other",0,"EULIPOTYPHLA","unsampled"
"676","Parascaptor",0.258278927340239,0.133440192659725,0,0,"other",0,"EULIPOTYPHLA","unsampled"
"677","Paraxerus",0.235867933252179,0.17714154123819,0,0,"other",0,"RODENTIA","unsampled"
"678","Pardofelis",0.542238208950936,0.625476011660989,0,0,"other",0,"CARNIVORA","unsampled"
"679","Parotomys",0.172409561122321,0.156130465011925,0,0,"other",0,"RODENTIA","unsampled"
"680","Paruromys",0.145055532870667,0.0841916140262519,0,0,"other",0,"RODENTIA","unsampled"
"681","Pattonomys",0.16940012400967,0.132933218442996,0,0,"other",0,"RODENTIA","unsampled"
"682","Paucidentomys",0.259338223423961,0.132770242510321,0,0,"other",0,"RODENTIA","unsampled"
"683","Paulamys",0.147708288389046,0.104213903824243,0,0,"other",0,"RODENTIA","unsampled"
"684","Pearsonomys",0.178427782677587,0.0992185951065223,0,0,"other",0,"RODENTIA","unsampled"
"685","Pecari",0.182866762525129,0.0940174696985477,0,0,"other",0,"CETARTIODACTYLA","unsampled"
"686","Pectinator",0.175857416167558,0.0913170482094261,0,0,"other",0,"RODENTIA","unsampled"
"687","Pedetes",0.239506638437308,0.116617518132023,0,0,"other",0,"RODENTIA","unsampled"
"688","Pelea",0.149235171321809,0.0786720221125834,0,0,"other",0,"CETARTIODACTYLA","unsampled"
"689","Pelomys",0.148756396749024,0.0955837576503551,0,0,"other",0,"RODENTIA","unsampled"
"690","Pennatomys",0.159588637077072,0.121933295902247,0,0,"other",0,"RODENTIA","unsampled"
"691","Pentalagus",0.18213561867376,0.200022456910741,0,0,"other",0,"LAGOMORPHA","unsampled"
"692","Peponocephala",0.51319584189376,0.0272277479542154,0,0,"other",0,"CETARTIODACTYLA","unsampled"
"693","Perodicticus",0.218552217996597,0.113055121608969,0,0,"other",0,"PRIMATES","unsampled"
"694","Perognathus",0.280002010218282,0.182575158549701,0,0,"other",0,"RODENTIA","unsampled"
"695","Peromyscus",0.56658862189695,0.384189642066135,1,1,"other",3,"RODENTIA","positive"
"696","Petaurillus",0.27879691676916,0.171476445043642,0,0,"other",0,"RODENTIA","unsampled"
"697","Petaurista",0.275156504764779,0.207479783981581,0,0,"other",0,"RODENTIA","unsampled"
"698","Petinomys",0.298601891371928,0.220402254076432,0,0,"other",0,"RODENTIA","unsampled"
"699","Petromus",0.156899946335416,0.136399493367065,0,0,"other",0,"RODENTIA","unsampled"
"700","Petromyscus",0.313295413015316,0.207592304397051,0,0,"other",0,"RODENTIA","unsampled"
"701","Phacochoerus",0.200275367209766,0.0869817555858986,0,0,"other",0,"CETARTIODACTYLA","unsampled"
"702","Phaenomys",0.184611297829823,0.152320176384914,0,0,"other",0,"RODENTIA","unsampled"
"703","Phaner",0.206566123104903,0.167320011072142,0,0,"other",0,"PRIMATES","unsampled"
"704","Phenacomys",0.370121714990809,0.247186814695751,0,0,"other",0,"RODENTIA","unsampled"
"705","Philander",0.253461289879255,0.316777129506709,0,0,"other",0,"DIDELPHIMORPHIA","unsampled"
"706","Philantomba",0.228361946517329,0.107478034795835,0,0,"other",0,"CETARTIODACTYLA","unsampled"
"707","Phloeomys",0.20714492047819,0.150073679895285,0,0,"other",0,"RODENTIA","unsampled"
"708","Phoca",0.226510683749088,0.0366043156622911,0,0,"other",0,"CARNIVORA","unsampled"
"709","Phocarctos",0.214585681998408,0.0404811126545593,0,0,"other",0,"CARNIVORA","unsampled"
"710","Phocoena",0.564543030670289,0.0529288924957423,1,0,"other",15,"CETARTIODACTYLA","positive"
"711","Phocoenoides",0.374830308076022,0.0326579602263791,0,0,"other",0,"CETARTIODACTYLA","unsampled"
"712","Phodopus",0.202956025942794,0.202536334487237,0,0,"other",0,"RODENTIA","unsampled"
"713","Phyllomys",0.177896968085651,0.128835118890155,0,0,"other",0,"RODENTIA","unsampled"
"714","Phyllotis",0.270974944709293,0.128919472368902,0,0,"other",0,"RODENTIA","unsampled"
"715","Physeter",0.414035426880227,0.0880949512164934,0,0,"other",0,"CETARTIODACTYLA","unsampled"
"716","Pipanacoctomys",0.186133821838603,0.122079231405351,0,0,"other",0,"RODENTIA","unsampled"
"717","Pithecheir",0.218804277779671,0.162127662081984,0,0,"other",0,"RODENTIA","unsampled"
"718","Pithecheirops",0.180677982366092,0.142661614430926,0,0,"other",0,"RODENTIA","unsampled"
"719","Pithecia",0.289333228170386,0.194526457872246,0,0,"other",0,"PRIMATES","unsampled"
"720","Plagiodontia",0.120575651999676,0.0894373399462089,0,0,"other",0,"RODENTIA","unsampled"
"721","Platacanthomys",0.2617654038391,0.218224216990662,0,0,"other",0,"RODENTIA","unsampled"
"722","Platanista",0.306855329979941,0.0540790895051765,0,0,"other",0,"CETARTIODACTYLA","unsampled"
"723","Podogymnura",0.211569758427376,0.119399554324966,0,0,"other",0,"EULIPOTYPHLA","unsampled"
"724","Podomys",0.242973463685225,0.156823923545006,0,0,"other",0,"RODENTIA","unsampled"
"725","Podoxymys",0.255359414971499,0.186161112158702,0,0,"other",0,"RODENTIA","unsampled"
"726","Poecilogale",0.275953970402261,0.104321666201931,0,0,"other",0,"CARNIVORA","unsampled"
"727","Poelagus",0.123233240852084,0.0692419927549652,0,0,"other",0,"LAGOMORPHA","unsampled"
"728","Pogonomelomys",0.176983482031624,0.179970238654816,0,0,"other",0,"RODENTIA","unsampled"
"729","Pogonomys",0.206712212136091,0.155020571235697,0,0,"other",0,"RODENTIA","unsampled"
"730","Poiana",0.16821852938139,0.130749099196834,0,0,"other",0,"CARNIVORA","unsampled"
"731","Poliocitellus",0.20336105357258,0.189684127034978,0,0,"other",0,"RODENTIA","unsampled"
"732","Pongo",0.569532790289425,0.219756793559433,0,0,"other",0,"PRIMATES","unsampled"
"733","Pontoporia",0.226710294552182,0.0363235187787431,0,0,"other",0,"CETARTIODACTYLA","unsampled"
"734","Porcula",0.168781827915067,0.0825560285270485,0,0,"other",0,"CETARTIODACTYLA","unsampled"
"735","Potamochoerus",0.211238314022503,0.0722256825069258,0,0,"other",0,"CETARTIODACTYLA","unsampled"
"736","Potos",0.251125414316827,0.146347092337595,0,0,"other",0,"CARNIVORA","unsampled"
"737","Praomys",0.261358640565083,0.223841890898377,0,0,"other",0,"RODENTIA","unsampled"
"738","Presbytis",0.495978424320097,0.275104852542296,0,0,"other",0,"PRIMATES","unsampled"
"739","Prionailurus",0.366045357053049,0.468646380665625,0,1,"other",1,"CARNIVORA","positive"
"740","Prionodon",0.290228680022519,0.191761455614097,0,0,"other",0,"CARNIVORA","unsampled"
"741","Prionomys",0.239187428539913,0.135731942964257,0,0,"other",0,"RODENTIA","unsampled"
"742","Procapra",0.267183728281942,0.151624558131201,0,0,"other",0,"CETARTIODACTYLA","unsampled"
"743","Procolobus",0.295468612709928,0.133525691280412,0,0,"other",0,"PRIMATES","unsampled"
"744","Procyon",0.336417820975446,0.343076293906286,1,1,"other",26,"CARNIVORA","positive"
"745","Proechimys",0.171641518452984,0.130367399032301,0,0,"other",0,"RODENTIA","unsampled"
"746","Proedromys",0.161137298457745,0.117055375843907,0,0,"other",0,"RODENTIA","unsampled"
"747","Prolagus",0.0976361624953617,0.0831423294164838,0,0,"other",0,"LAGOMORPHA","unsampled"
"748","Prolemur",0.152004645323146,0.0773776807792119,0,0,"other",0,"PRIMATES","unsampled"
"749","Prometheomys",0.204773717846848,0.191313653524316,0,0,"other",0,"RODENTIA","unsampled"
"750","Pronolagus",0.181736107187982,0.0886335794239002,0,0,"other",0,"LAGOMORPHA","unsampled"
"751","Propithecus",0.269412958179449,0.120643812511841,0,0,"other",0,"PRIMATES","unsampled"
"752","Prosciurillus",0.294166401607098,0.234798188168701,0,0,"other",0,"RODENTIA","unsampled"
"753","Proteles",0.230109162441791,0.130406778477722,0,0,"other",0,"CARNIVORA","unsampled"
"754","Protochromys",0.233743455538353,0.117020195086588,0,0,"other",0,"RODENTIA","unsampled"
"755","Protoxerus",0.175350292399925,0.12062451989304,0,0,"other",0,"RODENTIA","unsampled"
"756","Psammomys",0.113783052289085,0.0990978363544306,0,0,"other",0,"RODENTIA","unsampled"
"757","Pseudalopex",0.282107939801712,0.13779975829129,0,0,"other",0,"CARNIVORA","unsampled"
"758","Pseudohydromys",0.32058782381894,0.126760116978549,0,0,"other",0,"RODENTIA","unsampled"
"759","Pseudois",0.144882166530707,0.0630227426361843,0,0,"other",0,"CETARTIODACTYLA","unsampled"
"760","Pseudomys",0.274134195066153,0.26717610225813,0,0,"other",0,"RODENTIA","unsampled"
"761","Pseudorca",0.561455817874134,0.0815006733157436,0,0,"other",0,"CETARTIODACTYLA","unsampled"
"762","Pseudoryx",0.243909215257553,0.13578970614954,0,0,"other",0,"CETARTIODACTYLA","unsampled"
"763","Pseudoryzomys",0.232730415236568,0.16581822962001,0,0,"other",0,"RODENTIA","unsampled"
"764","Pteromys",0.209104826416758,0.227021926094175,0,0,"other",0,"RODENTIA","unsampled"
"765","Pteromyscus",0.261545065687447,0.166099822186229,0,0,"other",0,"RODENTIA","unsampled"
"766","Pteronura",0.2813884577887,0.233097295736924,0,0,"other",0,"CARNIVORA","unsampled"
"767","Pudu",0.222571308903839,0.0939781075783954,0,0,"other",0,"CETARTIODACTYLA","unsampled"
"768","Puma",0.64867781553595,0.678641145360891,1,1,"other",4,"CARNIVORA","positive"
"769","Punomys",0.218441519086525,0.152426871869456,0,0,"other",0,"RODENTIA","unsampled"
"770","Pusa",0.31434305360782,0.0422829699619242,0,0,"other",0,"CARNIVORA","unsampled"
"771","Pygathrix",0.344407905027501,0.14318842013901,0,0,"other",0,"PRIMATES","unsampled"
"772","Pygeretmus",0.18284072198698,0.13909071067064,0,0,"other",0,"RODENTIA","unsampled"
"773","Rangifer",0.273783396410299,0.202206074464587,0,0,"other",0,"CETARTIODACTYLA","unsampled"
"774","Raphicerus",0.176596504127855,0.0689602392791391,0,0,"other",0,"CETARTIODACTYLA","unsampled"
"775","Rattus",0.471167385216322,0.424251737775006,1,1,"other",11,"RODENTIA","positive"
"776","Ratufa",0.317792779518358,0.215980757367544,0,0,"other",0,"RODENTIA","unsampled"
"777","Redunca",0.177125569993956,0.0560765195974625,0,0,"other",0,"CETARTIODACTYLA","unsampled"
"778","Reithrodon",0.179601132801127,0.177441241325328,0,0,"other",0,"RODENTIA","unsampled"
"779","Reithrodontomys",0.33777950650348,0.240754752289353,0,0,"other",0,"RODENTIA","unsampled"
"780","Rhabdomys",0.355776964497986,0.278566323821198,0,0,"other",0,"RODENTIA","unsampled"
"781","Rhagomys",0.299655740799703,0.177772386722269,0,0,"other",0,"RODENTIA","unsampled"
"782","Rheithrosciurus",0.187433662227398,0.118392510056837,0,0,"other",0,"RODENTIA","unsampled"
"783","Rheomys",0.217891880364967,0.124484238726947,0,0,"other",0,"RODENTIA","unsampled"
"784","Rhinoceros",0.422073636933406,0.71720678662347,0,0,"other",0,"PERISSODACTYLA","unsampled"
"785","Rhinopithecus",0.472974670822395,0.177520119902171,0,0,"other",0,"PRIMATES","unsampled"
"786","Rhinosciurus",0.164485196106397,0.137027326748373,0,0,"other",0,"RODENTIA","unsampled"
"787","Rhipidomys",0.268766463338825,0.264006914046297,0,0,"other",0,"RODENTIA","unsampled"
"788","Rhizomys",0.238758538882241,0.181636332825606,0,0,"other",0,"RODENTIA","unsampled"
"789","Rhombomys",0.128179306677864,0.228121736322478,0,1,"other",2,"RODENTIA","positive"
"790","Rhynchogale",0.19727526417419,0.0931785874903907,0,0,"other",0,"CARNIVORA","unsampled"
"791","Rhynchomys",0.22465800885904,0.139870941565295,0,0,"other",0,"RODENTIA","unsampled"
"792","Romerolagus",0.172507652843231,0.111835876336531,0,0,"other",0,"LAGOMORPHA","unsampled"
"793","Rubrisciurus",0.144710024953489,0.101550571333398,0,0,"other",0,"RODENTIA","unsampled"
"794","Rucervus",0.233386101322806,0.123478564696358,0,0,"other",0,"CETARTIODACTYLA","unsampled"
"795","Rungwecebus",0.250900303223041,0.0827850403861668,0,0,"other",0,"PRIMATES","unsampled"
"796","Rupicapra",0.210841172064289,0.0803786794170609,0,0,"other",0,"CETARTIODACTYLA","unsampled"
"797","Rusa",0.305185991696535,0.101367494045724,0,0,"other",0,"CETARTIODACTYLA","unsampled"
"798","Ruwenzorisorex",0.241150001142296,0.133328990539264,0,0,"other",0,"EULIPOTYPHLA","unsampled"
"799","Saccostomus",0.199259884458475,0.178596479421195,0,0,"other",0,"RODENTIA","unsampled"
"800","Saguinus",0.327863296576008,0.323608321222968,1,0,"other",3,"PRIMATES","positive"
"801","Saiga",0.206962276912547,0.135932528232426,0,0,"other",0,"CETARTIODACTYLA","unsampled"
"802","Saimiri",0.374591974520674,0.214146048101069,1,0,"other",2,"PRIMATES","positive"
"803","Salanoia",0.276194729109948,0.154430954496782,0,0,"other",0,"CARNIVORA","unsampled"
"804","Salinomys",0.239905585881563,0.163997419161587,0,0,"other",0,"RODENTIA","unsampled"
"805","Salpingotulus",0.277878619317749,0.180698701963993,0,0,"other",0,"RODENTIA","unsampled"
"806","Salpingotus",0.186344236216736,0.130251553292887,0,0,"other",0,"RODENTIA","unsampled"
"807","Santamartamys",0.247363143330266,0.164804442048138,0,0,"other",0,"RODENTIA","unsampled"
"808","Sapajus",0.490006333078352,0.302717342979816,1,1,"other",6,"PRIMATES","positive"
"809","Saxatilomys",0.160409470460528,0.112830148979463,0,0,"other",0,"RODENTIA","unsampled"
"810","Scalopus",0.103410303668316,0.0767008559779487,0,0,"other",0,"EULIPOTYPHLA","unsampled"
"811","Scapanulus",0.214979072662195,0.117454942794336,0,0,"other",0,"EULIPOTYPHLA","unsampled"
"812","Scapanus",0.171604236581909,0.108240541466736,0,0,"other",0,"EULIPOTYPHLA","unsampled"
"813","Scapteromys",0.113701027482334,0.108041191078623,0,0,"other",0,"RODENTIA","unsampled"
"814","Scaptochirus",0.135068682125088,0.103004383171987,0,0,"other",0,"EULIPOTYPHLA","unsampled"
"815","Scaptonyx",0.21426282530845,0.113039694099584,0,0,"other",0,"EULIPOTYPHLA","unsampled"
"816","Sciurillus",0.201354035631858,0.214781876642615,0,0,"other",0,"RODENTIA","unsampled"
"817","Sciurocheirus",0.163354972676658,0.111846870091347,0,0,"other",0,"PRIMATES","unsampled"
"818","Sciurotamias",0.123746602485756,0.103041355946367,0,0,"other",0,"RODENTIA","unsampled"
"819","Sciurus",0.278763886655961,0.215778914076254,0,0,"other",0,"RODENTIA","unsampled"
"820","Scolomys",0.321584622067571,0.228155342639726,0,0,"other",0,"RODENTIA","unsampled"
"821","Scotinomys",0.361215094238541,0.150001194855438,0,0,"other",0,"RODENTIA","unsampled"
"822","Scutisorex",0.187687048105573,0.0969534426697108,0,0,"other",0,"EULIPOTYPHLA","unsampled"
"823","Sekeetamys",0.200173193300193,0.266244491044077,0,0,"other",0,"RODENTIA","unsampled"
"824","Selevinia",0.17472752206873,0.106841436914983,0,0,"other",0,"RODENTIA","unsampled"
"825","Semnopithecus",0.38485598401869,0.15857969979352,0,0,"other",0,"PRIMATES","unsampled"
"826","Sicista",0.398441370059463,0.351226490934729,0,0,"other",0,"RODENTIA","unsampled"
"827","Sigmodon",0.202870157722054,0.184954394819217,0,0,"other",0,"RODENTIA","unsampled"
"828","Sigmodontomys",0.158413825671708,0.0884952248362552,0,0,"other",0,"RODENTIA","unsampled"
"829","Simias",0.277102633358643,0.113235952895284,0,0,"other",0,"PRIMATES","unsampled"
"830","Smilodon",0.372483239402177,0.361879739571897,0,0,"other",0,"CARNIVORA","unsampled"
"831","Solenodon",0.167091730968984,0.152132548212589,0,0,"other",0,"EULIPOTYPHLA","unsampled"
"832","Solisorex",0.277461423610274,0.170189778073934,0,0,"other",0,"EULIPOTYPHLA","unsampled"
"833","Solomys",0.225358126815757,0.174993238386933,0,0,"other",0,"RODENTIA","unsampled"
"834","Sommeromys",0.232236680065949,0.119980799214132,0,0,"other",0,"RODENTIA","unsampled"
"835","Sooretamys",0.159484042978333,0.138067840866112,0,0,"other",0,"RODENTIA","unsampled"
"836","Sorex",0.434187022089678,0.253012771297095,0,0,"other",0,"EULIPOTYPHLA","unsampled"
"837","Soricomys",0.269558111595651,0.142749716631812,0,0,"other",0,"RODENTIA","unsampled"
"838","Soriculus",0.396970394523834,0.21756002145426,0,0,"other",0,"EULIPOTYPHLA","unsampled"
"839","Sotalia",0.609854866406856,0.0348185318008248,1,0,"other",3,"CETARTIODACTYLA","positive"
"840","Sousa",0.402250884263487,0.0288493012367786,0,0,"other",0,"CETARTIODACTYLA","unsampled"
"841","Spalacopus",0.198668162014928,0.080197780076674,0,0,"other",0,"RODENTIA","unsampled"
"842","Spalax",0.109899073937229,0.0977726880630849,0,0,"other",0,"RODENTIA","unsampled"
"843","Speothos",0.347027251539799,0.197317731189056,0,0,"other",0,"CARNIVORA","unsampled"
"844","Spermophilopsis",0.186375553571373,0.265044855349276,0,0,"other",0,"RODENTIA","unsampled"
"845","Spermophilus",0.260694215311021,0.405609746232395,0,1,"other",2,"RODENTIA","positive"
"846","Spilogale",0.196118309797394,0.178355347535796,0,0,"other",0,"CARNIVORA","unsampled"
"847","Srilankamys",0.227217069071832,0.232116116289491,0,0,"other",0,"RODENTIA","unsampled"
"848","Steatomys",0.24690185059378,0.286810601043569,0,0,"other",0,"RODENTIA","unsampled"
"849","Stenella",0.578814478640326,0.029392494164281,1,0,"other",7,"CETARTIODACTYLA","positive"
"850","Steno",0.522019649926383,0.0291090643291478,1,0,"other",3,"CETARTIODACTYLA","positive"
"851","Stenocephalemys",0.18009782766433,0.120791670558862,0,0,"other",0,"RODENTIA","unsampled"
"852","Stochomys",0.116598505052265,0.0796715386865663,0,0,"other",0,"RODENTIA","unsampled"
"853","Stylodipus",0.143553800945666,0.120521991539172,0,0,"other",0,"RODENTIA","unsampled"
"854","Suncus",0.433039187679092,0.213624797025987,0,0,"other",0,"EULIPOTYPHLA","unsampled"
"855","Sundamys",0.274806407749234,0.186946249200237,0,0,"other",0,"RODENTIA","unsampled"
"856","Sundasciurus",0.252165724757118,0.158934151467718,0,0,"other",0,"RODENTIA","unsampled"
"857","Surdisorex",0.19666506723438,0.0792868853134309,0,0,"other",0,"EULIPOTYPHLA","unsampled"
"858","Suricata",0.151327228415636,0.0671367605407017,0,0,"other",0,"CARNIVORA","unsampled"
"859","Sus",0.259463101687243,0.249709223209407,0,0,"other",0,"CETARTIODACTYLA","unsampled"
"860","Sylvicapra",0.215293725411217,0.0929714518395108,0,0,"other",0,"CETARTIODACTYLA","unsampled"
"861","Sylvilagus",0.241789579037403,0.169880224824686,0,0,"other",0,"LAGOMORPHA","unsampled"
"862","Sylvisorex",0.295169806381808,0.120139377605873,0,0,"other",0,"EULIPOTYPHLA","unsampled"
"863","Symphalangus",0.357008778690112,0.150629857268157,0,0,"other",0,"PRIMATES","unsampled"
"864","Synaptomys",0.207899579535428,0.100145652406815,0,0,"other",0,"RODENTIA","unsampled"
"865","Syncerus",0.422427595092262,0.220984456824701,0,0,"other",0,"CETARTIODACTYLA","unsampled"
"866","Syntheosciurus",0.11112725968033,0.112905718040647,0,0,"other",0,"RODENTIA","unsampled"
"867","Tachyoryctes",0.153100416233205,0.0728673329288874,0,0,"other",0,"RODENTIA","unsampled"
"868","Taeromys",0.281997158963941,0.200690910425318,0,0,"other",0,"RODENTIA","unsampled"
"869","Talpa",0.189392874307017,0.172456707784773,0,0,"other",0,"EULIPOTYPHLA","unsampled"
"870","Tamandua",0.218275184764923,0.153198839361491,0,0,"other",0,"PILOSA","unsampled"
"871","Tamias",0.147175529126451,0.144622614098092,0,0,"other",0,"RODENTIA","unsampled"
"872","Tamiasciurus",0.294227339761544,0.271410762889656,0,0,"other",0,"RODENTIA","unsampled"
"873","Tamiops",0.278861095292563,0.226192529080335,0,0,"other",0,"RODENTIA","unsampled"
"874","Tapecomys",0.136443719483208,0.132827713493961,0,0,"other",0,"RODENTIA","unsampled"
"875","Tapirus",0.581794952712075,0.363490145548957,1,0,"other",2,"PERISSODACTYLA","positive"
"876","Tarsius",0.204998190335227,0.153885938075384,0,0,"other",0,"PRIMATES","unsampled"
"877","Tarsomys",0.214859813482128,0.122115848721455,0,0,"other",0,"RODENTIA","unsampled"
"878","Tasmacetus",0.285349483098835,0.0273704490865127,0,0,"other",0,"CETARTIODACTYLA","unsampled"
"879","Tateomys",0.243411679197791,0.129558217390315,0,0,"other",0,"RODENTIA","unsampled"
"880","Tatera",0.251255850050449,0.288463637235256,0,0,"other",0,"RODENTIA","unsampled"
"881","Taterillus",0.128318248291298,0.103205721874292,0,0,"other",0,"RODENTIA","unsampled"
"882","Taxidea",0.326863519810866,0.215624705325784,0,0,"other",0,"CARNIVORA","unsampled"
"883","Tayassu",0.198872811685824,0.144828216731178,0,0,"other",0,"CETARTIODACTYLA","unsampled"
"884","Tetracerus",0.136767240766104,0.0752034487767239,0,0,"other",0,"CETARTIODACTYLA","unsampled"
"885","Thallomys",0.116662368680926,0.0694159680135273,0,0,"other",0,"RODENTIA","unsampled"
"886","Thalpomys",0.20054492889814,0.110312580070337,0,0,"other",0,"RODENTIA","unsampled"
"887","Thamnomys",0.240886534154649,0.145496313842754,0,0,"other",0,"RODENTIA","unsampled"
"888","Thaptomys",0.129555273240152,0.0738799138601251,0,0,"other",0,"RODENTIA","unsampled"
"889","Theropithecus",0.418624136273838,0.108293219687818,0,0,"other",0,"PRIMATES","unsampled"
"890","Thomasomys",0.175930072592655,0.137983474979507,0,0,"other",0,"RODENTIA","unsampled"
"891","Thomomys",0.141632231371298,0.139796943167717,0,0,"other",0,"RODENTIA","unsampled"
"892","Thrichomys",0.219146537056589,0.196470625116918,0,0,"other",0,"RODENTIA","unsampled"
"893","Thryonomys",0.14946395054749,0.081010133384472,0,0,"other",0,"RODENTIA","unsampled"
"894","Thylamys",0.298882893140136,0.258763862289978,0,0,"other",0,"DIDELPHIMORPHIA","unsampled"
"895","Tlacuatzin",0.219874931415434,0.238668224877408,0,0,"other",0,"DIDELPHIMORPHIA","unsampled"
"896","Tokudaia",0.174146748528922,0.187836061542705,0,0,"other",0,"RODENTIA","unsampled"
"897","Tonkinomys",0.132505986629871,0.0689606843567236,0,0,"other",0,"RODENTIA","unsampled"
"898","Toromys",0.177272785463948,0.121892425364932,0,0,"other",0,"RODENTIA","unsampled"
"899","Trachypithecus",0.461178267986823,0.170539495393744,0,0,"other",0,"PRIMATES","unsampled"
"900","Tragelaphus",0.193546223771958,0.109523252251669,0,0,"other",0,"CETARTIODACTYLA","unsampled"
"901","Tragulus",0.212232758578552,0.155177096229703,0,0,"other",0,"CETARTIODACTYLA","unsampled"
"902","Transandinomys",0.284651731542866,0.290700851817651,0,0,"other",0,"RODENTIA","unsampled"
"903","Tremarctos",0.227598981381014,0.110825982204303,0,0,"other",0,"CARNIVORA","unsampled"
"904","Trichys",0.139537607939971,0.0942425137182083,0,0,"other",0,"RODENTIA","unsampled"
"905","Trinomys",0.187387340447571,0.139079340175906,0,0,"other",0,"RODENTIA","unsampled"
"906","Trogopterus",0.331519469379885,0.21645666668032,0,0,"other",0,"RODENTIA","unsampled"
"907","Tryphomys",0.211556811403815,0.180594744992268,0,0,"other",0,"RODENTIA","unsampled"
"908","Tscherskia",0.169100396983545,0.155487358303625,0,0,"other",0,"RODENTIA","unsampled"
"909","Tursiops",0.624268982802573,0.036525248098175,1,0,"other",6,"CETARTIODACTYLA","positive"
"910","Tylomys",0.233066053735412,0.188418624612488,0,0,"other",0,"RODENTIA","unsampled"
"911","Tympanoctomys",0.186133821838603,0.122079231405351,0,0,"other",0,"RODENTIA","unsampled"
"912","Typhlomys",0.223799288868377,0.168053520797674,0,0,"other",0,"RODENTIA","unsampled"
"913","Uranomys",0.143907854290707,0.100605682222668,0,0,"other",0,"RODENTIA","unsampled"
"914","Urocitellus",0.341564922513405,0.357649402886938,0,0,"other",0,"RODENTIA","unsampled"
"915","Urocyon",0.168240238268359,0.111324994471412,0,0,"other",0,"CARNIVORA","unsampled"
"916","Uromys",0.290496300301327,0.228682682840786,0,0,"other",0,"RODENTIA","unsampled"
"917","Uropsilus",0.249962367663543,0.134908019936696,0,0,"other",0,"EULIPOTYPHLA","unsampled"
"918","Urotrichus",0.211829524137262,0.131812936929535,0,0,"other",0,"EULIPOTYPHLA","unsampled"
"919","Ursus",0.407146149296802,0.161974758540281,0,0,"other",0,"CARNIVORA","unsampled"
"920","Vandeleuria",0.280518090651582,0.18387334471507,0,0,"other",0,"RODENTIA","unsampled"
"921","Varecia",0.205938155243935,0.116113100689173,0,0,"other",0,"PRIMATES","unsampled"
"922","Vernaya",0.282364147404667,0.235597077587482,0,0,"other",0,"RODENTIA","unsampled"
"923","Vicugna",0.693635788977991,0.227268536106892,1,0,"other",2,"CETARTIODACTYLA","positive"
"924","Viverra",0.241885171887308,0.111334526743655,0,0,"other",0,"CARNIVORA","unsampled"
"925","Viverricula",0.281017106455817,0.185244913569574,0,0,"other",0,"CARNIVORA","unsampled"
"926","Voalavo",0.22113475007205,0.130622789841038,0,0,"other",0,"RODENTIA","unsampled"
"927","Volemys",0.197017727816479,0.139390302589651,0,0,"other",0,"RODENTIA","unsampled"
"928","Vormela",0.317438006505004,0.152703483132084,0,0,"other",0,"CARNIVORA","unsampled"
"929","Vulpes",0.389113773023603,0.333095661115248,1,1,"other",4,"CARNIVORA","positive"
"930","Waiomys",0.174649249785304,0.0671086589223441,0,0,"other",0,"RODENTIA","unsampled"
"931","Wiedomys",0.168862407894588,0.151777885322398,0,0,"other",0,"RODENTIA","unsampled"
"932","Wilfredomys",0.124927811475974,0.109273312179539,0,0,"other",0,"RODENTIA","unsampled"
"933","Xenomys",0.136232860975132,0.121053595048281,0,0,"other",0,"RODENTIA","unsampled"
"934","Xenothrix",0.236216970630492,0.0997944598712626,0,0,"other",0,"PRIMATES","unsampled"
"935","Xenuromys",0.285413497838016,0.214598831836663,0,0,"other",0,"RODENTIA","unsampled"
"936","Xeromys",0.152747453315653,0.0930977983500889,0,0,"other",0,"RODENTIA","unsampled"
"937","Xerospermophilus",0.344789040564509,0.247356537255393,0,0,"other",0,"RODENTIA","unsampled"
"938","Xerus",0.197742478503154,0.130654302447225,0,0,"other",0,"RODENTIA","unsampled"
"939","Zalophus",0.309310587205613,0.0420349942300149,0,0,"other",0,"CARNIVORA","unsampled"
"940","Zapus",0.202395913320133,0.145866851325561,0,0,"other",0,"RODENTIA","unsampled"
"941","Zelotomys",0.225069349282088,0.186684223989429,0,0,"other",0,"RODENTIA","unsampled"
"942","Zenkerella",0.138533014768143,0.0755909730413379,0,0,"other",0,"RODENTIA","unsampled"
"943","Ziphius",0.358691943833678,0.0291562698732072,0,0,"other",0,"CETARTIODACTYLA","unsampled"
"944","Zygodontomys",0.357381694907677,0.232512892696095,0,0,"other",0,"RODENTIA","unsampled"
"945","Zygogeomys",0.121729129305345,0.0809039436129743,0,0,"other",0,"RODENTIA","unsampled"
"946","Zyzomys",0.155817254831254,0.124426962328744,0,0,"other",0,"RODENTIA","unsampled"
